Minerals,SiO2,Al2O3,Fe2O3,Na2O,CaO,MgO,FeO,K2O,P2O5,MnO,Mn2O3,TiO2,H2O,CO2,F,Cl,Li2O,BeO,B2O3,SnO2,C2O3,WO3,CuO,Cu2O,PbO,ZnO,BaO,SrO,VO2,V2O3,V2O5,CrO,Cr2O3,NiO,CoO,SO2,As2O3,As2O5,SO3,S2O5,Sb2O3,La2O3,Ce2O3,Pr2O3,Nd2O3,Sm2O3,Eu2O3,Gd2O3,Tb2O3,Dy2O3,Ho2O3,Er2O3,Tm2O3,Yb2O3,Lu2O3,REE2O3,Sc2O3,Y2O3,HfO2,ZrO2,ThO2,UO2,UO3,U2O3,Ga2O3,Ta2O5,Nb2O5
Hydroxylbastnasite-(Ce),0,0,0,0,0,0,0,0,0,0,0,0,4.15,20.27,0,0,0,0,0,0,0,0,0,0,0,0,0,0,0,0,0,0,0,0,0,0,0,0,0,0,0,0,75.58,0,0,0,0,0,0,0,0,0,0,0,0,0,0,0,0,0,0,0,0,0,0,0,0
Fluocerite-(Ce),0,0,0,0,0,0,0,0,0,0,0,0,0,0,28.93,0,0,0,0,0,0,0,0,0,0,0,0,0,0,0,0,0,0,0,0,0,0,0,0,0,0,8.27,74.98,0,0,0,0,0,0,0,0,0,0,0,0,0,0,0,0,0,0,0,0,0,0,0,0
Bastnasite-(Ce),0,0,0,0,0,0,0,0,0,0,0,0,0,20.08,8.67,0,0,0,0,0,0,0,0,0,0,0,0,0,0,0,0,0,0,0,0,0,0,0,0,0,0,0,74.9,0,0,0,0,0,0,0,0,0,0,0,0,0,0,0,0,0,0,0,0,0,0,0,0
Cerite-(Ce),20.89,0,3.97,0,0,0,0,0,0,0,0,0,1.79,0,0,0,0,0,0,0,0,0,0,0,0,0,0,0,0,0,0,0,0,0,0,0,0,0,0,0,0,0,73.36,0,0,0,0,0,0,0,0,0,0,0,0,0,0,0,0,0,0,0,0,0,0,0,0
IMA2008-035,25.88,0,0,0,0,0,0,0,0,0,0,0,0,0,0,0,0,0,0,0,0,0,0,0,0,0,0,0,0,0,0,0,0,0,0,0,0,0,0,0,0,0,70.68,0,0,0,0,0,0,0,0,0,0,0,0,0,0,0,0,0,0,0,0,0,0,0,0
IMA2009-013,0,0,0,6.24,0,0,0,0,0,0,0,0,0,24.36,5.74,0,0,0,0,0,0,0,0,0,0,0,0,0,0,0,0,0,0,0,0,0,0,0,0,0,0,0,66.08,0,0,0,0,0,0,0,0,0,0,0,0,0,0,0,0,0,0,0,0,0,0,0,0
Cerianite-(Ce),0,0,0,0,0,0,0,0,0,0,0,0,0,0,0,0,0,0,0,0,0,0,0,0,0,0,0,0,0,0,0,0,0,0,0,0,0,0,0,0,0,0,63.09,0,0,0,0,0,0,0,0,0,0,0,0,0,0,0,0,0,33.83,0,0,0,0,0,0
Sahamalite-(Ce),0,0,0,0,0,5.47,3.25,0,0,0,0,0,0,31.86,0,0,0,0,0,0,0,0,0,0,0,0,0,0,0,0,0,0,0,0,0,0,0,0,0,0,0,0,59.41,0,0,0,0,0,0,0,0,0,0,0,0,0,0,0,0,0,0,0,0,0,0,0,0
Gasparite-(Ce),0,0,0,0,0,0,0,0,0,0,0,0,0,0,0,0,0,0,0,0,0,0,0,0,0,0,0,0,0,0,0,0,0,0,0,0,0,41.18,0,0,0,0,58.82,0,0,0,0,0,0,0,0,0,0,0,0,0,0,0,0,0,0,0,0,0,0,0,0
Melanocerite-(Ce),13.31,0,0,0,6.83,0,0,0,0,0,0,0,2.49,0,1.05,0,0,0,3.85,0,0,0,0,0,0,0,0,0,0,0,0,0,0,0,0,0,0,0,0,0,0,12.63,54.52,0,0,0,0,0,0,0,0,0,0,0,0,0,0,0,0,0,5.85,0,0,0,0,0,0
Lukechangite-(Ce),0,0,0,15.28,0,0,0,0,0,0,0,0,0,28.94,3.12,0,0,0,0,0,0,0,0,0,0,0,0,0,0,0,0,0,0,0,0,0,0,0,0,0,0,0,53.96,0,0,0,0,0,0,0,0,0,0,0,0,0,0,0,0,0,0,0,0,0,0,0,0
Synchysite-(Ce),0,0,0,0,17.57,0,0,0,0,0,0,0,0,27.57,5.95,0,0,0,0,0,0,0,0,0,0,0,0,0,0,0,0,0,0,0,0,0,0,0,0,0,0,0,51.41,0,0,0,0,0,0,0,0,0,0,0,0,0,0,0,0,0,0,0,0,0,0,0,0
Lucasite-(Ce),0,0,0,0,0,0,0,0,0,0,0,47.99,2.71,0,0,0,0,0,0,0,0,0,0,0,0,0,0,0,0,0,0,0,0,0,0,0,0,0,0,0,0,0,49.3,0,0,0,0,0,0,0,0,0,0,0,0,0,0,0,0,0,0,0,0,0,0,0,0
Calcioancylite-(Ce),0,0,0,0,16.73,0,0,0,0,0,0,0,8.06,26.26,0,0,0,0,0,0,0,0,0,0,0,0,0,0,0,0,0,0,0,0,0,0,0,0,0,0,0,0,48.96,0,0,0,0,0,0,0,0,0,0,0,0,0,0,0,0,0,0,0,0,0,0,0,0
Rhabdophane-(Ce),0,0,0,0,0,0,0,0,28.07,0,0,0,7.13,0,0,0,0,0,0,0,0,0,0,0,0,0,0,0,0,0,0,0,0,0,0,0,0,0,0,0,0,16.11,48.69,0,0,0,0,0,0,0,0,0,0,0,0,0,0,0,0,0,0,0,0,0,0,0,0
Calkinsite-(Ce),0,0,0,0,0,0,0,0,0,0,0,0,13.55,24.83,0,0,0,0,0,0,0,0,0,0,0,0,0,0,0,0,0,0,0,0,0,0,0,0,0,0,0,15.32,46.3,0,0,0,0,0,0,0,0,0,0,0,0,0,0,0,0,0,0,0,0,0,0,0,0
Chernovite-(Ce),0,0,0,0,0,0,0,0,0,0,0,0,0,0,0,0,0,0,0,0,0,0,0,0,0,0,0,0,0,0,0,0,0,0,0,0,0,43.17,0,0,0,0,46.23,0,0,0,0,0,0,0,0,0,0,0,0,0,0,10.6,0,0,0,0,0,0,0,0,0
IMA2009-015,0,0,0,8.5,0,0,0,0,0,0,0,0,0,0,31.25,0,0,0,0,0,0,0,0,0,0,0,0,28.41,0,0,0,0,0,0,0,0,0,0,0,0,0,0,45,0,0,0,0,0,0,0,0,0,0,0,0,0,0,0,0,0,0,0,0,0,0,0,0
Rontgenite-(Ce),0,0,0,0,13.09,0,0,0,0,0,0,0,0,25.69,6.65,0,0,0,0,0,0,0,0,0,0,0,0,0,0,0,0,0,0,0,0,0,0,0,0,0,0,14.26,43.11,0,0,0,0,0,0,0,0,0,0,0,0,0,0,0,0,0,0,0,0,0,0,0,0
Ancylite-(Ce),0,0,0,0,0,0,0,0,0,0,0,0,7.06,23,0,0,0,0,0,0,0,0,0,0,0,0,0,27.07,0,0,0,0,0,0,0,0,0,0,0,0,0,0,42.87,0,0,0,0,0,0,0,0,0,0,0,0,0,0,0,0,0,0,0,0,0,0,0,0
Haleniusite-(La),0,0,0,0,0,0,0,0,0,0,0,0,0,0,10.86,0,0,0,0,0,0,0,0,0,0,0,0,0,0,0,0,0,0,0,0,0,0,0,0,0,0,42.84,41.29,1.89,7.7,0,0,0,0,0,0,0,0,0,0,0,0,0,0,0,0,0,0,0,0,0,0
Lanthanite-(Ce),0,0,0,0,0,0,0,0,0,0,0,0,23.87,21.87,0,0,0,0,0,0,0,0,0,0,0,0,0,0,0,0,0,0,0,0,0,0,0,0,0,0,0,13.49,40.77,0,0,0,0,0,0,0,0,0,0,0,0,0,0,0,0,0,0,0,0,0,0,0,0
Huanghoite-(Ce),0,0,0,0,0,0,0,0,0,0,0,0,0,21.14,4.56,0,0,0,0,0,0,0,0,0,0,0,36.82,0,0,0,0,0,0,0,0,0,0,0,0,0,0,0,39.41,0,0,0,0,0,0,0,0,0,0,0,0,0,0,0,0,0,0,0,0,0,0,0,0
Cordylite-(Ce),0,0,0,0,0,0,0,0,0,0,0,0,0,20.79,5.98,0,0,0,0,0,0,0,0,0,0,0,24.15,0,0,0,0,0,0,0,0,0,0,0,0,0,0,12.83,38.77,0,0,0,0,0,0,0,0,0,0,0,0,0,0,0,0,0,0,0,0,0,0,0,0
Tornebohmite-(Ce),23.61,10.02,0,0,0,0,0,0,0,0,0,0,1.77,0,0,0,0,0,0,0,0,0,0,0,0,0,0,0,0,0,0,0,0,0,0,0,0,0,0,0,0,16,38.69,0,9.92,0,0,0,0,0,0,0,0,0,0,0,0,0,0,0,0,0,0,0,0,0,0
Retzian-(Ce),0,0,0,0,0,0,0,0,0,31.05,0,0,7.89,0,0,0,0,0,0,0,0,0,0,0,0,0,0,0,0,0,0,0,0,0,0,0,0,25.15,0,0,0,0,35.92,0,0,0,0,0,0,0,0,0,0,0,0,0,0,0,0,0,0,0,0,0,0,0,0
Ceriopyrochlore-(Ce),0,0,0,0,6,0,1.28,0,0,0,0,0,1.21,0,0.85,0,0,0,0,0,0,0,0,0,0,0,0,0,0,0,0,0,0,0,0,0,0,0,0,0,0,0,35.14,0,0,0,0,0,0,0,0,0,0,0,0,0,0,4.03,0,2.2,0,0,0,0,0,31.54,18.97
Wakefieldite-(Ce),0,0,0,0,0,0,0,0,0,0,0,0,0,0,0,0,0,0,0,0,0,0,0,0,23.75,0,0,0,0,0,32.26,0,0,0,0,0,0,0,0,0,0,0,34.93,0,0,0,0,0,0,0,0,0,0,0,0,0,0,0,0,0,0,0,0,0,0,0,0
Ashcroftine-(Ce),39.53,0,0,3.64,3.95,0,0,5.53,0,0,0,0,3.81,8.27,0,0,0,0,0,0,0,0,0,0,0,0,0,0,0,0,0,0,0,0,0,0,0,0,0,0,0,0,34.7,0,0,0,0,0,0,0,0,0,0,0,0,0,0,0,0,0,0,0,0,0,0,0,0
Monazite-(Ce),0,0,0,0,0,0,0,0,29.55,0,0,0,0,0,0,0,0,0,0,0,0,0,0,0,0,0,0,0,0,0,0,0,0,0,0,0,0,0,0,0,0,16.95,34.16,0,14.01,0,0,0,0,0,0,0,0,0,0,0,0,0,0,0,5.5,0,0,0,0,0,0
Parisite-(Ce),0,0,0,0,10.44,0,0,0,0,0,0,0,0,24.58,7.07,0,0,0,0,0,0,0,0,0,0,0,0,0,0,0,0,0,0,0,0,0,0,0,0,0,0,27.29,33.6,0,0,0,0,0,0,0,0,0,0,0,0,0,0,0,0,0,0,0,0,0,0,0,0
Stillwellite-(Ce),24.44,0,0,0,0.46,0,0,0,0,0,0,0,0,0,0,0,0,0,14.16,0,0,0,0,0,0,0,0,0,0,0,0,0,0,0,0,0,0,0,0,0,0,19.88,33.38,0,6.84,0,0,0,0,0,0,0,0,0,0,0,0,0,0,0,0,0,0,0,0,0,0
Fergusonite-(Ce),0,0,0,0,0,0,0,0,0,0,0,0,1.82,0,0,0,0,0,0,0,0,0,0,0,0,0,0,0,0,0,0,0,0,0,0,0,0,0,0,0,0,16.46,33.16,0,0,0,0,0,0,0,0,0,0,0,0,0,0,3.8,0,0,0,0,0,0,0,0,44.76
Belovite-(Ce),0,0,0,3.11,3.76,0,0,0,28.52,0,0,0,1.21,0,0,0,0,0,0,0,0,0,0,0,0,0,0,31.23,0,0,0,0,0,0,0,0,0,0,0,0,0,0,32.98,0,0,0,0,0,0,0,0,0,0,0,0,0,0,0,0,0,0,0,0,0,0,0,0
Percleveite-(Ce),27.28,0,0,0,0,0,0,0,0,0,0,0,0,0,0,0,0,0,0,0,0,0,0,0,0,0,0,0,0,0,0,0,0,0,0,0,0,0,0,0,0,15.09,32.25,3.35,13.3,2.76,0,2.46,0,0.42,0,0,0,0,0,0,0,3.06,0,0,0,0,0,0,0,0,0
Aeschynite-(Ce),0,0,0,0,5.5,0,2.35,0,0,0,0,45.73,2.95,0,0,0,0,0,0,0,0,0,0,0,0,0,0,0,0,0,0,0,0,0,0,0,0,0,0,0,0,0,32.21,0,0,0,0,0,0,0,0,0,0,0,0,0,0,0,0,0,0,0,0,0,0,0,10.87
Remondite-(Ce),0,0,0,15.7,1.83,0,0,0,0,0,0,0,0,35.97,0,0,0,0,0,0,0,0,0,0,0,0,0,1.69,0,0,0,0,0,0,0,0,0,0,0,0,0,10.65,32.19,0,0,0,0,0,0,0,0,0,0,0,0,0,0,0,0,0,0,0,0,0,0,0,0
Allanite-(Ce),29.32,18.66,9.74,0,5.47,0,0,0,0,0,0,0,1.47,0,0,0,0,0,0,0,0,0,0,0,0,0,0,0,0,0,0,0,0,0,0,0,0,0,0,0,0,0,32.04,0,0,0,0,0,0,0,0,0,0,0,0,0,0,5.51,0,0,0,0,0,0,0,0,0
Florencite-(Ce),0,29.81,0,0,0,0,0,0,27.67,0,0,0,10.53,0,0,0,0,0,0,0,0,0,0,0,0,0,0,0,0,0,0,0,0,0,0,0,0,0,0,0,0,0,31.99,0,0,0,0,0,0,0,0,0,0,0,0,0,0,0,0,0,0,0,0,0,0,0,0
Cebaite-(Ce),0,0,0,0,0,0,0,0,0,0,0,0,0,21.36,3.69,0,0,0,0,0,0,0,0,0,0,0,44.65,0,0,0,0,0,0,0,0,0,0,0,0,0,0,0,31.86,0,0,0,0,0,0,0,0,0,0,0,0,0,0,0,0,0,0,0,0,0,0,0,0
Steenstrupine-(Ce),22.94,0,0,13.81,0,0,4.57,0,15.81,2.26,2.51,0,1.72,0,0,0,0,0,0,0,0,0,0,0,0,0,0,0,0,0,0,0,0,0,0,0,0,0,0,0,0,0,31.34,0,0,0,0,0,0,0,0,0,0,0,0,0,0,0,0,2.94,2.1,0,0,0,0,0,0
Tritomite-(Ce),19.07,0,0,0,14.24,0,0,0,0,0,0,0,3.43,0,4.82,0,0,0,2.21,0,0,0,0,0,0,0,0,0,0,0,0,0,0,0,0,0,0,0,0,0,0,20.68,31.25,0,0,0,0,0,0,0,0,0,0,0,0,0,0,5.02,0,0,5.03,0,0,0,0,0,0
Peprossiite-(Ce),0,25.01,0,0,0,0,0,0,0,0,0,0,0,0,0,0,0,0,34.15,0,0,0,0,0,0,0,0,0,0,0,0,0,0,0,0,0,0,0,0,0,0,9.99,30.19,0,0,0,0,0,0,0,0,0,0,0,0,0,0,0,0,0,0,0,0,0,0,0,0
Biraite-(Ce),21.48,0,0,0.11,0.71,1.83,7.82,0,0,1.42,0,0.14,0,7.91,0.59,0,0,0,0,0,0,0,0,0,0,0,0.28,0,0,0,0,0,0,0,0,0,0,0,0,0,0,16.85,30.08,2.69,7.63,0.63,0,0,0,0,0,0,0,0,0,0,0,0,0,0,0,0,0,0,0,0,0
Dollaseite-(Ce),32.71,9.25,0,0,10.18,14.63,0,0,0,0,0,0,2.45,0,1.72,0,0,0,0,0,0,0,0,0,0,0,0,0,0,0,0,0,0,0,0,0,0,0,0,0,0,0,29.78,0,0,0,0,0,0,0,0,0,0,0,0,0,0,0,0,0,0,0,0,0,0,0,0
Fluorbritholite-(Ce),20.92,0,0,0,14.21,0,0,0,2.86,0,0,0,0,0,2.42,0,0,0,0,0,0,0,0,0,0,0,0,0.4,0,0,0,0,0,0,0,0,0,0,0,0,0,16.09,29.64,3.64,6.78,0.68,0,0,0,0,0,0,0,0,0,0,0,1.32,0,0,1.72,0,0,0,0,0,0
Galgenbergite-(Ce),0,0,0,0,9.61,0,0,0,0,0,0,0,3.12,30.47,0,0,0,0,0,0,0,0,0,0,0,0,0,0,0,0,0,0,0,0,0,0,0,0,0,0,0,11.84,29.54,3.42,11.94,0,0,0,0,0,0,0,0,0,0,0,0,0,0,0,0,0,0,0,0,0,0
Hellandite-(Ce),21.57,4.58,0,0,15.1,0,0,0,0,0,0,0,1.21,0,0.85,0,0,0,12.5,0,0,0,0,0,0,0,0,0,0,0,0,0,0,0,0,0,0,0,0,0,0,0,29.46,0,0,0,0,0,0,0,0,0,0,0,0,15.08,0,0,0,0,0,0,0,0,0,0,0
Hingganite-(Ce),26.35,0,0,0,7.3,0,3.74,0,0,0,0,0,2.97,0,0,0,0,10.97,0,0,0,0,0,0,0,0,0,0,0,0,0,0,0,0,0,0,0,0,0,0,0,11.32,29.22,2.15,4.75,0.38,0,0.08,0,0.04,0,0,0,0,0,0,0,0.74,0,0,0,0,0,0,0,0,0
Dingdaohengite-(Ce),19.42,0.04,1.68,0,2.17,1.33,8.53,0,0,0,0,18.33,0,0,0,0,0,0,0,0,0,0,0,0,0,0,0,0,0,0,0,0,0,0,0,0,0,0,0,0,0,19.61,28.24,0,0,0,0,0,0,0,0,0,0,0,0,0,0,0,0,0,0.21,0,0,0,0,0,0.43
Tundrite-(Ce),9.49,0,0,9.61,0.36,0,0,0,0,0,0,11.37,0.37,14.16,0,0,0,0,0,0,0,0,0,0,0,0,0,0,0,0,0,0,0,0,0,0,0,0,0,0,0,16.45,27.49,2.17,6.27,0.4,0,0,0,0,0,0,0,0,0,0,0,0,0,0,0,0,0,0,0,0,2.36
Mosandrite,26.31,0,0,6.79,18.42,0,0,0,0,0,0,5.25,0,0,7.28,0,0,0,0,0,0,0,0,0,0,0,0,0,0,0,0,0,0,0,0,0,0,0,0,0,0,0,26.95,0,0,0,0,0,0,0,0,0,0,0,0,0,0,6.18,0,1.35,0,0,0,0,0,0,4.37
Nioboaeschynite-(Ce),0,0,0,0,4.58,0,0,0,0,0,0,5.43,2.45,0,0,0,0,0,0,0,0,0,0,0,0,0,0,0,0,0,0,0,0,0,0,0,0,0,0,0,0,0,26.78,0,0,0,0,0,0,0,0,0,0,0,0,0,0,0,0,0,0,0,0,0,0,0,63.26
Kukharenkoite-(Ce),0,0,0,0,0,0,0,0,0,0,0,0,0,21.51,3.1,0,0,0,0,0,0,0,0,0,0,0,49.96,0,0,0,0,0,0,0,0,0,0,0,0,0,0,0,26.74,0,0,0,0,0,0,0,0,0,0,0,0,0,0,0,0,0,0,0,0,0,0,0,0
Deloneite-(Ce),0,0,0,4.88,17.67,0,0,0,33.54,0,0,0,0,0,2.99,0,0,0,0,0,0,0,0,0,0,0,0,16.32,0,0,0,0,0,0,0,0,0,0,0,0,0,0,25.85,0,0,0,0,0,0,0,0,0,0,0,0,0,0,0,0,0,0,0,0,0,0,0,0
Coskrenite-(Ce),0,0,0,0,0,0,0,0,0,0,0,0,20.4,0,0,0,0,0,0,0,10.19,0,0,0,0,0,0,0,0,0,0,0,0,0,0,0,0,0,22.66,0,0,6.92,25.55,0,14.29,0,0,0,0,0,0,0,0,0,0,0,0,0,0,0,0,0,0,0,0,0,0
Sazhinite-(Ce),55.49,0,0,9.54,0,0,0,0,0,0,0,0,9.71,0,0,0,0,0,0,0,0,0,0,0,0,0,0,0,0,0,0,0,0,0,0,0,0,0,0,0,0,0,25.26,0,0,0,0,0,0,0,0,0,0,0,0,0,0,0,0,0,0,0,0,0,0,0,0
Polyakovite-(Ce),19.14,0,4.45,0,0.89,2.57,1.14,0,0,0,0,9.54,0,0,0,0,0,0,0,0,0,0,0,0,0,0,0,0,0,0,0,0,7.26,0,0,0,0,0,0,0,0,15.57,24.84,2.63,5.36,0,0,0,0,0,0,0,0,0,0,0,0,0,0,0,2.1,0,0,0,0,0,4.23
Vitusite-(Ce),0,0,0,23.3,0,0,0,0,35.57,0,0,0,0,0,0,0,0,0,0,0,0,0,0,0,0,0,0,0,0,0,0,0,0,0,0,0,0,0,0,0,0,12.25,24.67,0,4.22,0,0,0,0,0,0,0,0,0,0,0,0,0,0,0,0,0,0,0,0,0,0
Tadzhikite-(Ce),24.06,1.53,0.8,0,22.46,0,0,0,0,0,0,4.8,1.8,0,0,0,0,0,13.94,0,0,0,0,0,0,0,0,0,0,0,0,0,0,0,0,0,0,0,0,0,0,0,24.64,0,0,0,0,0,0,0,0,0,0,0,0,0,0,5.65,0,0,0,0,0,0,0,0,0
Ferriallanite-(Ce),28.78,5.65,16.13,0,9.87,0,10.89,0,0,0.81,0,1.82,1.47,0,0,0,0,0,0,0,0,0,0,0,0,0,0,0,0,0,0,0,0,0,0,0,0,0,0,0,0,0,24.6,0,0,0,0,0,0,0,0,0,0,0,0,0,0,0,0,0,0,0,0,0,0,0,0
Fluorcaphite,0,0,0,1.15,18.79,0,0,0,31.71,0,0,0,0,0,2.83,0,0,0,0,0,0,0,0,0,0,0,0,23.15,0,0,0,0,0,0,0,0,0,0,0,0,0,0,24.44,0,0,0,0,0,0,0,0,0,0,0,0,0,0,0,0,0,0,0,0,0,0,0,0
Mottanaite-(Ce),23.86,2.53,3.17,0,25.61,0,0,0,0,0,0,0.79,0.45,0,0.94,0,0,1.99,13.83,0,0,0,0,0,0,0,0,0,0,0,0,0,0,0,0,0,0,0,0,0,0,0,24.44,0,0,0,0,0,0,0,0,0,0,0,0,0,0,0,0,0,2.62,0,0,0,0,0,0
Cappelenite-(Y),13.41,0,0,0,0,0,0,0,0,0,0,0,0,0,2.83,0,0,0,15.54,0,0,0,0,0,0,0,11.41,0,0,0,0,0,0,0,0,0,0,0,0,0,0,0,24.42,0,0,0,0,0,0,0,0,0,0,0,0,0,0,33.6,0,0,0,0,0,0,0,0,0
Petersenite-(Ce),0,0,0,17.06,2.5,0,0,0,0,0,0,0,0,32.73,0,0,0,0,0,0,0,0,0,0,0,0,0,1.54,0,0,0,0,0,0,0,0,0,0,0,0,0,14.54,24.41,2.45,5,0,0,0,0,0,0,0,0,0,0,0,0,0,0,0,0,0,0,0,0,0,0
Vastmanlandite-(Ce),27.12,8.76,2.7,0,4.71,5.6,1.18,0,0.06,0,0,0,1.65,0,1.08,0,0,0,0,0,0,0,0,0,0,0,0,0,0,0,0,0,0,0,0,0,0,0,0,0,0,13.84,24.29,2.11,6.46,0.48,0,0.17,0,0,0,0,0,0,0,0,0,0.21,0,0,0,0,0,0,0,0,0
Uranpyrochlore,0,0,0,0,7.25,0,0,0,0,0,0,0,1.5,0,0.35,0,0,0,0,0,0,0,0,0,0,0,0,0,0,0,0,0,0,0,0,0,0,0,0,0,0,0,24.26,0,0,0,0,0,0,0,0,0,0,0,0,0,0,0,0,0,0,19.96,0,0,0,20.41,27.01
Cerite-(La),20.93,0,0,0,5.16,0.51,1.26,0,2.49,0,0,0,3.24,0,0,0,0,0,0,0,0,0,0,0,0,0,0,1.99,0,0,0,0,0,0,0,0,0,0,0,0,0,38.01,24,0.63,1.47,0.1,0,0.2,0,0,0,0,0,0,0,0,0,0,0,0,0,0,0,0,0,0,0
Aluminocerite-(Ce),24.38,2.51,0.46,0,8.45,0,0,0,0,0,0,0,3.69,0,0,0,0,0,0,0,0,0,0,0,0,0,0,0,0,0,0,0,0,0,0,0,0,0,0,0,0,7.55,23.69,3.63,15.8,4.45,0,3.15,0,0.43,0,0,0,0.11,0,0,0,1.7,0,0,0,0,0,0,0,0,0
Orthojoaquinite-(Ce),34.63,0,0,2.23,0,0,5.18,0,0,0,0,11.51,1.3,0,0,0,0,0,0,0,0,0,0,0,0,0,22.09,0,0,0,0,0,0,0,0,0,0,0,0,0,0,0,23.64,0,0,0,0,0,0,0,0,0,0,0,0,0,0,0,0,0,0,0,0,0,0,0,0
Chevkinite-(Ce),19.94,0,3.31,0,3.72,0.67,10.73,0,0,0,0,16.57,0,0,0,0,0,0,0,0,0,0,0,0,0,0,0,0,0,0,0,0,0,0,0,0,0,0,0,0,0,18.92,23.15,0,0,0,0,0,0,0,0,0,0,0,0,0,0,0,0,0,2.19,0,0,0,0,0,0
Joaquinite-(Ce),33.87,0,0,2.18,0,0,5.06,0,0,0,0,5.63,1.59,0,0.67,0,0,0,0,0,0,0,0,0,0,0,21.61,0,0,0,0,0,0,0,0,0,0,0,0,0,0,0,23.13,0,0,0,0,0,0,0,0,0,0,0,0,0,0,0,0,0,0,0,0,0,0,0,9.36
Fergusonite-beta-(Ce),0,0,0,0,0,0,0,0,0,0,0,0,0,0,0,0,0,0,0,0,0,0,0,0,0,0,0,0,0,0,0,0,0,0,0,0,0,0,0,0,0,11.28,22.73,5.71,11.65,0,0,0,0,0,0,0,0,0,0,5.82,0,0,0,0,0,0,0,0,0,0,41.42
Vicanite-(Ce),14.11,0,3.13,0.61,17.56,0,0,0,0,0,0,0,0,0,5.21,0,0,0,5.45,0,0,0,0,0,0,0,0,0,0,0,0,0,0,0,0,0,1.94,4.5,0,0,0,15.94,22.48,0,0,0,0,0,0,0,0,0,0,0,0,0,0,0,0,0,10.34,0,0,0,0,0,0
Seidite-(Ce),43.82,0,0,11.3,0,0,0,0,0,0,0,7.28,10.84,0,0.69,0,0,0,0,0,0,0,0,0,0,0,0,4.72,0,0,0,0,0,0,0,0,0,0,0,0,0,0,22.44,0,0,0,0,0,0,0,0,0,0,0,0,0,0,0,0,0,0,0,0,0,0,0,0
Daqingshanite-(Ce),0,0,0,0,6.12,0,0,0,12.9,0,0,0,0.65,20,0.35,0,0,0,0,0,0,0,0,0,0,0,5.57,22.6,0,0,0,0,0,0,0,0,0,0,0,0,0,7.4,22.37,0,0,0,0,0,0,0,0,0,0,0,0,0,0,0,0,0,0,0,0,0,0,0,0
Gatelite-(Ce),28.7,14.8,0,0,5.78,1.89,2.02,0,0,0,0,0,1.35,0,0.53,0,0,0,0,0,0,0,0,0,0,0,0,0,0,0,0,0,0,0,0,0,0,0,0,0,0,7.63,21.52,1.54,12.61,1.63,0,0,0,0,0,0,0,0,0,0,0,0,0,0,0,0,0,0,0,0,0
Fluorcalciobritholite,16.41,0,0,0,22.11,0,0,0,10.59,0.3,0,0,0,0,2.03,0.05,0,0,0,0,0,0,0,0,0,0,0,0.29,0,0,0,0,0,0,0,0,0,0,0,0,0,12.39,21.49,1.86,6.16,0.74,0,0.77,0,0.53,0,0.27,0,0.55,0,0,0,2.86,0,0,1.49,0,0,0,0,0,0
Manganonordite-(Ce),45.51,0,0,11.74,0,0,0,0,0,8.96,0,0,0,0,0,0,0,0,0,0,0,0,0,0,0,0,0,13.08,0,0,0,0,0,0,0,0,0,0,0,0,0,0,20.72,0,0,0,0,0,0,0,0,0,0,0,0,0,0,0,0,0,0,0,0,0,0,0,0
Ferronordite-(Ce),45.46,0,0,11.72,0,0,9.06,0,0,0,0,0,0,0,0,0,0,0,0,0,0,0,0,0,0,0,0,13.07,0,0,0,0,0,0,0,0,0,0,0,0,0,0,20.69,0,0,0,0,0,0,0,0,0,0,0,0,0,0,0,0,0,0,0,0,0,0,0,0
Qaqarssukite-(Ce),0,0,0,0,2.81,0,0,0,0,0,0,1.47,0,23.19,5.05,0,0,0,0,0,0,0,0,0,0,0,27.46,3.82,0,0,0,0,0,0,0,0,0,0,0,0,0,9.01,20.32,1.74,6.65,0.46,0,0,0,0,0,0,0,0,0,0,0,0,0,0,0,0,0,0,0,0,0
Rinkite,29.3,0,0,9.44,27.34,0,0,0,0,0,0,7.3,0,0,2.32,0,0,0,0,0,0,0,0,0,0,0,0,0,0,0,0,0,0,0,0,0,0,0,0,0,0,0,20,0,0,0,0,0,0,0,0,0,0,0,0,0,0,0,0,0,0,0,0,0,0,0,4.05
Loparite-(Ce),0,0,0,11.3,3.41,0,0,0,0,0,0,38.82,0,0,0,0,0,0,0,0,0,0,0,0,0,0,0,0,0,0,0,0,0,0,0,0,0,0,0,0,0,9.9,19.94,0,0,0,0,0,0,0,0,0,0,0,0,0,0,0,0,0,0,0,0,0,0,0,16.15
Karnasurtite-(Ce),22.68,8.26,0,1.03,0,0.98,1.6,0,3.62,0,0,13.48,7,0,0.97,0,0,0,0,0,0,0,0,0,0,0,0,0,0,0,0,0,0,0,0,0,0,0,0,0,0,5.06,19.68,0,0,0,0,0,0,0,0,0,0,0,0,0,0,0,0,0,7.04,0,0,0,0,0,9.15
Gadolinite-(Ce),21.24,0.09,0,0,0,0.28,9.31,0,0,1.24,0,0.14,0,0,0,0,0,8.14,0.49,0,0,0,0,0,0,0,0,0,0,0,0,0,0,0,0,0,0,0,0,0,0,12.83,19.53,0,0,0,0,0,0,0,0,0,0,0,0,20.88,0,6.32,0,0,0,0,0,0,0,0,0
Britholite-(Ce),21.27,0,0,0,20.59,0,0,0,4.65,0,0,0,0.94,0,0.5,0,0,0,0,0,0,0,0,0,0,0,0,0,0,0,0,0,0,0,0,0,0,0,0,0,0,8.54,19.37,0,4.41,0,0,0,0,0,0,0,0,0,0,0,0,0,0,0,20.77,0,0,0,0,0,0
Aeschynite-(Nd),0,0,0,0,0,0,0,0,0,0,0,40.33,2.6,0,0,0,0,0,0,0,0,0,0,0,0,0,0,0,0,0,0,0,0,0,0,0,0,0,0,0,0,0,18.94,0,29.12,0,0,0,0,0,0,0,0,0,0,0,0,0,0,0,0,0,0,0,0,0,9.59
Belovite-(La),0,0,0,0,1.62,0,0,0,24.56,0,0,0,1.04,0,1.1,0,0,0,0,0,0,0,0,0,0,0,0,26.89,0,0,0,0,0,0,0,0,0,0,0,0,0,28.18,18.93,0,0,0,0,0,0,0,0,0,0,0,0,0,0,0,0,0,0,0,0,0,0,0,0
Cerotungstite-(Ce),0,0,0,0,0,0,0,0,0,0,0,0,4.12,0,0,0,0,0,0,0,0,70.71,0,0,0,0,0,0,0,0,0,0,0,0,0,0,0,0,0,0,0,0,18.77,0,0,0,0,0,0,0,0,0,0,0,0,6.4,0,0,0,0,0,0,0,0,0,0,0
Carbocernaite,0,0,0,2.93,15.92,0,0,0,0,0,0,0,0,33.32,0,0,0,0,0,0,0,0,0,0,0,0,5.8,23.54,0,0,0,0,0,0,0,0,0,0,0,0,0,0,18.64,0,0,0,0,0,0,0,0,0,0,0,0,0,0,0,0,0,0,0,0,0,0,0,0
Remondite-(La),0,0,0,16.51,5.47,0,0,0,0,0,0,0,0,35.21,0,0,0,0,0,0,0,0,0,0,0,0,0,3.32,0,0,0,0,0,0,0,0,0,0,0,0,0,20.85,17.86,0,0,0,0,0,0,0,0,0,0,0,0,0,0,0,0,0,0,0,0,0,0,0,0
Perrierite-(Ce),20,0.42,0,0.52,4.2,0.34,7.77,0,0,1.77,0,18.61,0,0,0,0,0,0,0,0,0,0,0,0,0,0,0,0.86,0,0,0,0,0,0,0,0,0,0,0,0,0,20.33,17.75,0,0,0,0,0,0,0,0,0,0,0,0,5.59,0,0,0,0,1.1,0,0,0,0,0,0
Byelorussite-(Ce),34.21,0,0,2.21,0,0,0,0,0,5.05,0,11.37,1.44,0,1.01,0,0,0,0,0,0,0,0,0,0,0,21.82,0,0,0,0,0,0,0,0,0,0,0,0,0,0,5.8,17.52,0,0,0,0,0,0,0,0,0,0,0,0,0,0,0,0,0,0,0,0,0,0,0,0
Yttrocerite,0,0,0,0,23.68,0,0,0,0,0,0,0,0,0,40.12,0,0,0,0,0,0,0,0,0,0,0,0,0,0,0,0,0,0,0,0,0,0,0,0,0,0,0,17.33,0,0,0,0,0,0,0,0,0,0,0,0,0,0,35.76,0,0,0,0,0,0,0,0,0
Laplandite-(Ce),44.29,0,0,13.05,0,0,0,0,7.47,0,0,8.41,9.49,0,0,0,0,0,0,0,0,0,0,0,0,0,0,0,0,0,0,0,0,0,0,0,0,0,0,0,0,0,17.28,0,0,0,0,0,0,0,0,0,0,0,0,0,0,0,0,0,0,0,0,0,0,0,0
Fergusonite-beta-(Nd),0,0,0,0,0,0,0,0,0,0,0,0,0,0,0,0,0,0,0,0,0,0,0,0,0,0,0,0,0,0,0,0,0,0,0,0,0,0,0,0,0,0,17.25,5.78,23.58,6.11,0,0,0,0,0,0,0,0,0,0,0,3.96,0,0,0,0,0,0,0,0,41.92
Monazite-(La),0,0,0,0,0,0,0,0,29.58,0,0,0,0,0,0,0,0,0,0,0,0,0,0,0,0,0,0,0,0,0,0,0,0,0,0,0,0,0,0,0,0,33.95,17.1,0,14.03,0,0,0,0,0,0,0,0,0,0,0,0,0,0,0,5.5,0,0,0,0,0,0
Orthochevkinite,20.53,0,5.12,1.06,2.87,1.72,9.21,0,0,0,0,15.35,0,0,0,0,0,0,0,0,0,0,0,0,0,0,0,0,0,0,0,0,0,0,0,0,0,0,0,0,0,16.7,16.82,0,0,0,0,0,0,0,0,0,0,0,0,0,0,0,0,0,9.02,0,0,0,0,0,0
Allanite-(Y),30.11,19.16,10,0,2.81,0,0,0,0,0,0,0,1.5,0,0,0,0,0,0,0,0,0,0,0,0,0,0,0,0,0,0,0,0,0,0,0,0,0,0,0,0,0,16.45,0,0,0,0,0,0,0,0,0,0,0,0,0,0,22.63,0,0,0,0,0,0,0,0,0
Rhabdophane-(La),0,0,0,0,0,0,0,0,28.14,0,0,0,7.14,0,0,0,0,0,0,0,0,0,0,0,0,0,0,0,0,0,0,0,0,0,0,0,0,0,0,0,0,48.45,16.27,0,0,0,0,0,0,0,0,0,0,0,0,0,0,0,0,0,0,0,0,0,0,0,0
Tornebohmite-(La),23.72,10.06,0,0,0,0,0,0,0,0,0,0,1.78,0,0,0,0,0,0,0,0,0,0,0,0,0,0,0,0,0,0,0,0,0,0,0,0,0,0,0,0,48.24,16.2,0,0,0,0,0,0,0,0,0,0,0,0,0,0,0,0,0,0,0,0,0,0,0,0
Graulichite-(Ce),0,3.14,31.43,0,0,0,0,0,0,0,0,0,8.49,0,0,0,0,0,0,0,0,0,0,0,0,0,4.05,0.3,0,0,0,0,0,0,0,0,0,31.9,0,0.11,0,2.39,16.15,0,2.22,0,0,0,0,0,0,0,0,0,0,0,0,0,0,0,0,0,0,0,0,0,0
Zhonghuacerite-(Ce),0,0,0,0,0,0,0,0,0,0,0,0,0,21.51,3.09,0,0,0,0,0,0,0,0,0,0,0,49.96,0,0,0,0,0,0,0,0,0,0,0,0,0,0,7.96,16.04,0,2.74,0,0,0,0,0,0,0,0,0,0,0,0,0,0,0,0,0,0,0,0,0,0
Nioboaeschynite-(Nd),0,0,0,0,0,0,0,0,0,0,0,4.82,2.17,0,0,0,0,0,0,0,0,0,0,0,0,0,0,0,0,0,0,0,0,0,0,0,0,0,0,0,0,0,15.85,0,24.37,0,0,0,0,0,0,0,0,0,0,0,0,0,0,0,0,0,0,0,0,0,56.16
Braitschite-(Ce),0,0,0,7.63,17.27,0,0,0,0,0,0,0,7.77,0,0,0,0,0,47.16,0,0,0,0,0,0,0,0,0,0,0,0,0,0,0,0,0,0,0,0,0,0,5.02,15.16,0,0,0,0,0,0,0,0,0,0,0,0,0,0,0,0,0,0,0,0,0,0,0,0
Chukhrovite-(Ce),0,12.36,0,0,20.4,0,0,0,0,0,0,0,21.84,0,29.95,0,0,0,0,0,0,0,0,0,0,0,0,0,0,0,0,0,0,0,0,0,0,0,9.71,0,0,0,14.92,0,0,0,0,0,0,0,0,0,0,0,0,0,0,3.42,0,0,0,0,0,0,0,0,0
Arsenoflorencite-(Ce),0,26,0,0,0,0,0,0,3.62,0,0,0,9.19,0,0,0,0,0,0,0,0,0,0,0,0,0,0,0,0,0,0,0,0,0,0,0,0,33.22,0,0,0,8.31,13.95,0,0,0,0,0,0,0,0,0,0,0,0,5.71,0,0,0,0,0,0,0,0,0,0,0
Nacareniobsite-(Ce),28.93,0,0,9.7,19.58,0,0,0,0,0,0,2.88,0,0,8.92,0,0,0,0,0,0,0,0,0,0,0,0,0,0,0,0,0,0,0,0,0,0,0,0,0,0,7.84,13.83,0,0,0,0,0,0,0,0,0,0,0,0,0,0,0,0,0,0,0,0,0,0,0,11.2
Cheralite-(Ce),2.51,0,0,0,7.01,0,0,0,26.63,0,0,0,0,0,0,0,0,0,0,0,0,0,0,0,0,0,0,0,0,0,0,0,0,0,0,0,0,0,0,0,0,6.79,13.68,0,7.01,0,0,0,0,0,0,0,0,0,0,3.5,0,0,0,0,33.02,0,0,0,0,0,0
Phosinaite-(Ce),19.97,0,0,33.48,9.32,0,0,0,23.59,0,0,0,0,0,0,0,0,0,0,0,0,0,0,0,0,0,0,0,0,0,0,0,0,0,0,0,0,0,0,0,0,0,13.64,0,0,0,0,0,0,0,0,0,0,0,0,0,0,0,0,0,0,0,0,0,0,0,0
Monazite-(Nd),6.24,0,0,0,0,0,0,0,22.11,0,0,0,0,0,0,0,0,0,0,0,0,0,0,0,0,0,0,0,0,0,0,0,0,0,0,0,0,0,0,0,0,16.92,13.64,0,34.94,0,0,0,0,0,0,0,0,0,0,0,0,0,0,0,5.48,0,0,0,0,0,0
Lanthanite-(La),0,0,0,0,0,0,0,0,0,0,0,0,23.92,21.91,0,0,0,0,0,0,0,0,0,0,0,0,0,0,0,0,0,0,0,0,0,0,0,0,0,0,0,40.55,13.62,0,0,0,0,0,0,0,0,0,0,0,0,0,0,0,0,0,0,0,0,0,0,0,0
Khristovite-(Ce),29.51,9.18,0,0,7.34,2.64,1.18,0,0,11.61,0,1.31,1.47,0,2.33,0,0,0,0,0,0,0,0,0,0,0,0,0,0,0.61,0,0,1.24,0,0,0,0,0,0,0,0,0,13.43,0,0,0,0,0,0,0,0,0,0,0,0,19.25,0,0,0,0,0,0,0,0,0,0,0
Nordite-(Ce),46.41,0,2.09,11.36,3.67,1.58,0.94,0,0,3.71,0,0,0,0,0,0,0,0,0,0,0,0,0,0,0,4.26,0,6.78,0,0,0,0,0,0,0,0,0,0,0,0,0,6.4,12.89,0,0,0,0,0,0,0,0,0,0,0,0,0,0,0,0,0,0,0,0,0,0,0,0
Yttrotungstite-(Ce),0,0,0,0,0,0,0,0,0,0,0,0,4.2,0,0,0,0,0,0,0,0,72.11,0,0,0,0,0,0,0,0,0,0,0,0,0,0,0,0,0,0,0,0,12.76,0,6.54,0,0,0,0,0,0,0,0,0,0,0,0,4.39,0,0,0,0,0,0,0,0,0
Kemmlitzite,2.32,27.61,1.54,0,1.08,0.78,0,0,5.49,0,0,0,12.19,0,0,0,0,0,0,0,0,0,0,0,0,0,0,8.02,0,0,0,0,0,0,0,0,0,22.23,6.19,0,0,0,12.7,0,0,0,0,0,0,0,0,0,0,0,0,0,0,0,0,0,0,0,0,0,0,0,0
Manganiandrosite-(Ce),30.07,8.5,3.06,0,3.93,0.27,0,0,0,18.46,8.82,1.33,1.5,0,0,0,0,0,0,0,0,0,0,0,0,0,0,1.21,0,0,0,0,0,0,0,0,0,0,0,0,0,6.25,12.59,0,3.37,0.29,0,0,0,0,0,0,0,0,0,0,0,0,0,0,0,0,0,0,0,0,0
Kainosite-(Y),36.19,0,0,0,16.89,0,0,0,0,0,0,0,5.15,4.64,0,0,0,0,0,0,0,0,0,0,0,0,0,0,0,0,0,0,0,0,0,0,0,0,0,0,0,0,12.36,0,0,0,0,0,0,0,0,0,0,0,0,0,0,25.5,0,0,0,0,0,0,0,0,0
Dissakisite-(Ce),30.07,10.21,5.99,0,9.36,7.4,5.39,0,0,0,0,0,1.5,0,0,0,0,0,0,0,0,0,0,0,0,0,0,0,0,0,0,0,0,0,0,0,0,0,0,0,0,0,12.32,0,0,0,0,0,0,0,0,0,0,0,0,18.22,0,0,0,0,0,0,0,0,0,0,0
Zugshunstite-(Ce),0,6.87,1.2,0,0,0,0,0,0,0,0,0,32.39,0,0,0,0,0,0,0,10.79,0,0,0,0,0,0,0,0,0,0,0,0,0,0,0,0,0,23.99,0,0,2.44,12.29,2.47,7.56,0,0,0,0,0,0,0,0,0,0,0,0,0,0,0,0,0,0,0,0,0,0
Fergusonite-(Nd),0,0,0,0,0,0,5.38,0,0,0,0,5.98,0,0,0,0,0,0,0,0,0,0,0,0,0,0,0,0,0,0,0,0,0,0,0,0,0,0,0,0,0,0,12.29,0,18.89,0,0,0,0,0,0,0,0,0,0,18.86,0,0,0,0,0,0,0,0,0,0,39.8
Parisite-(Nd),0,0,0,0,10.1,0,0,0,0,0,0,0,0,23.79,6.85,0,0,0,0,0,0,0,0,0,0,0,0,0,0,0,0,0,0,0,0,0,0,0,0,0,0,23.48,11.83,0,27.28,0,0,0,0,0,0,0,0,0,0,0,0,0,0,0,0,0,0,0,0,0,0
Yttrobetafite-(Y),0,0,1.83,0,7.7,0,4.93,0,0,0,0,21.93,1.44,0,0,0,0,0,0,0,0,0,0,0,10.21,0,0,0,0,0,0,0,0,0,0,0,0,0,0,0,0,0,11.26,0,0,0,0,0,0,0,0,0,0,0,0,0,0,10.33,0,0,6.04,6.18,0,0,0,1.01,18.24
Retzian-(La),0,0,0,0,0,4.57,0,0,0,24.11,0,0,8.16,0,0,0,0,0,0,0,0,0,0,0,0,0,0,0,0,0,0,0,0,0,0,0,0,26.04,0,0,0,22.15,11.16,0,3.81,0,0,0,0,0,0,0,0,0,0,0,0,0,0,0,0,0,0,0,0,0,0
Zirsilite-(Ce),45.38,0,0,9.13,10.16,0,0,0,0,6.43,0,0,1.36,1.33,0,0,0,0,0,0,0,0,0,0,0,0,0,0,0,0,0,0,0,0,0,0,0,0,0,0,0,0,11.15,0,0,0,0,0,0,0,0,0,0,0,0,0,0,0,0,11.17,0,0,0,0,0,0,4.01
Monazite-(Sm),0,0,0,0,2.53,0,0,0,28.87,0,0,0,0,0,0,0,0,0,0,0,0,0,0,0,0,0,0,0,0,0,0,0,0,0,0,0,0,0,0,0,0,0,11.13,0,7.6,15.76,0,16.38,0,0,0,0,0,0,0,0,0,0,0,0,17.9,0,0,0,0,0,0
Vanadoandrosite-(Ce),31.04,10.18,1.37,0,5.7,0.21,2.85,0,0,11.97,0,0.14,1.55,0,0,0,0,0,0,0,0,0,0,0,0,0,0,1.96,0,14.32,0,0,0,0,0,0,0,0,0,0,0,4.21,11.02,0,2.9,0.6,0,0,0,0,0,0,0,0,0,0,0,0,0,0,0,0,0,0,0,0,0
Uedaite-(Ce),30.82,16.47,0,0,2.49,0.07,16.46,0,0,6.19,0,0,1.54,0,0,0,0,0,0,0,0,0,0,0,0,0,0,0,0,0,0,0,0,0,0,0,0,0,0,0,0,3.06,10.94,1.97,6.62,1.49,0,0.62,0,0,0,0,0,0,0,0,0,0.77,0,0,0.45,0,0,0,0,0,0
Ancylite-(La),0,0,0,0,0,0,0,0,0,0,0,0,7.08,23.05,0,0,0,0,0,0,0,0,0,0,0,0,0,27.13,0,0,0,0,0,0,0,0,0,0,0,0,0,31.99,10.74,0,0,0,0,0,0,0,0,0,0,0,0,0,0,0,0,0,0,0,0,0,0,0,0
Retzian-(Nd),0,0,0,0,0,0,0,0,0,30.89,0,0,7.84,0,0,0,0,0,0,0,0,0,0,0,0,0,0,0,0,0,0,0,0,0,0,0,0,25.02,0,0,0,3.55,10.72,0,21.98,0,0,0,0,0,0,0,0,0,0,0,0,0,0,0,0,0,0,0,0,0,0
Cervandonite-(Ce),17.99,4.02,5.03,0,0,0,13.59,0,0,0,0,11.33,0,0,0,0,0,0,0,0,0,0,0,0,0,0,0,0,0,0,0,0,0,0,0,0,17.15,0,0,0,0,5.14,10.35,0,5.3,0,0,0,0,0,0,0,0,0,0,0,0,1.78,0,0,4.16,0,0,0,0,0,0
Bussyite-(Ce),40.22,0.85,0,7.93,5.56,0.04,0,0.05,0,2.59,0,0,2.26,0,3.82,0,0,8.67,0,0,0,0,0,0,0,0,0,0,0,0,0,0,0,0,0,0,0,0,0,0,0,2.76,10.16,1.28,4.72,1.04,0.11,1.06,0,0,0,0,0,0,0,0,0,2.06,0,0,3.44,0,0,0,0,0,0
Tantalaeschynite-(Y),0,0,0,0,1.12,0,0,0,0,0,0,4.8,0,0,0,0,0,0,0,0,0,0,0,0,0,0,0,0,0,0,0,0,0,0,0,0,0,0,0,0,0,0,9.85,0,0,0,0,0,0,0,0,0,0,0,0,0,0,13.56,0,0,0,0,0,0,0,66.32,5.32
Kuannersuite-(Ce),0.49,0,0,3.89,0,0,0,0,25.07,0,0,0,0,0,1.89,1.21,0,0,0,0,0,0,0,0,0,0,50.46,0.91,0,0,0,0,0,0,0,0,0,0,0,0,0,2.39,9.63,0,4.24,0.51,0,0,0,0,0,0,0,0,0,0,0,0,0,0,0.31,0,0,0,0,0,0
Brannerite,0,0,0,0,4.74,0,10.12,0,0,0,0,33.77,0,0,0,0,0,0,0,0,0,0,0,0,0,0,0,0,0,0,0,0,0,0,0,0,0,0,0,0,0,0,9.25,0,0,0,0,0,0,0,0,0,0,0,0,0,0,0,0,0,0,38.05,0,0,0,0,0
Orthojoaquinite-(La),33.63,0,0.56,2.38,0,0,5.03,0.33,0,0.5,0,8.94,1.51,0,0.27,0,0,0,0,0,0,0,0,0,0,0,21.45,0,0,0,0,0,0,0,0,0,0,0,0,0,0,10.26,9.19,1.15,2.35,0,0,0,0,0,0,0,0,0,0,0,0,0,0,0,0,0,0,0,0,0,2.79
Zirconolite,0,1.4,0,0,12.33,0,5.92,0,0,0,0,32.93,0,0,0,0,0,0,0,0,0,0,0,0,0,0,0,0,0,0,0,0,0,0,0,0,0,0,0,0,0,0,9.02,0,0,0,0,0,0,0,0,0,0,0,0,0,0,0,0,33.86,0,0,0,0,0,0,3.65
Vigezzite,0,0,0,0,12.05,0,0,0,0,0,0,10.73,0,0,0,0,0,0,0,0,0,0,0,0,0,0,0,0,0,0,0,0,0,0,0,0,0,0,0,0,0,0,8.82,0,0,0,0,0,0,0,0,0,0,0,0,0,0,0,0,0,0,0,0,0,0,35.62,32.14
Sazhinite-(La),54.02,0,0,13.62,0.69,0,0,0.14,0,0,0,0,5.52,0,0.41,0,0.02,0,0.05,0,0,0,0,0,0,0,0,0.16,0,0,0,0,0,0,0,0,0,0,0.74,0,0,10.23,8.8,0.51,1.03,0,0,0,0,0,0,0,0,0,0,0,0,0.17,0,0.19,3.64,0.41,0,0,0,0,0
Thomasclarkite-(Y),0,0,0,6.6,0,0,0,0,0,0,0,0,28.77,11.71,0,0,0,0,0,0,0,0,0,0,0,0,0,0,0,0,0,0,0,0,0,0,0,0,0,0,0,0,8.73,0,0,0,0,0,0,0,0,0,0,0,0,31.3,0,15.02,0,0,0,0,0,0,0,0,0
Nordite-(La),46.43,0,2.09,11.36,3.67,1.58,0.94,0,0,3.72,0,0,0,0,0,0,0,0,0,0,0,0,0,0,0,4.26,0,6.79,0,0,0,0,0,0,0,0,0,0,0,0,0,10.67,8.6,0,0,0,0,0,0,0,0,0,0,0,0,0,0,0,0,0,0,0,0,0,0,0,0
Fersmite,0,0,0,0.79,10.04,0,0,0,0,0,0,0.41,2.3,0,0.49,0,0,0,0,0,0,0,0,0,0,0,0,0,0,0,0,0,0,0,0,0,0,0,0,0,0,0,8.4,0,0,0,0,0,0,0,0,0,0,0,0,0,0,2.89,0,0,3.38,0,0,0,0,16.95,57.79
Fluocerite-(La),0,0,0,0,0,0,0,0,0,0,0,0,0,0,29.08,0,0,0,0,0,0,0,0,0,0,0,0,0,0,0,0,0,0,0,0,0,0,0,0,0,0,74.79,8.37,0,0,0,0,0,0,0,0,0,0,0,0,0,0,0,0,0,0,0,0,0,0,0,0
Tadzhikite-(Y),24.27,3.09,1.61,0,22.65,0,0,0,0,0,0,9.68,1.82,0,0,0,0,0,14.06,0,0,0,0,0,0,0,0,0,0,0,0,0,0,0,0,0,0,0,0,0,0,0,8.29,0,0,0,0,0,0,0,0,0,0,0,0,0,0,17.1,0,0,0,0,0,0,0,0,0
Eudialyte,48.45,0,0,12.49,8.48,0,4.34,0,0,2.14,0,0,1.36,0,0,1.79,0,0,0,0,0,0,0,0,0,0,0,0,0,0,0,0,0,0,0,0,0,0,0,0,0,0,8.27,0,0,0,0,0,0,0,0,0,0,0,0,0,0,1.14,0,12.42,0,0,0,0,0,0,0
Ferronordite-(La),44.42,0.13,0,11.34,0.56,0.3,3.77,0,0,2.48,0,0,0,0,0,0,0,0,0,0,0,0,0,0,0,2.34,0.38,12.81,0,0,0,0,0,0,0,0,0,0,0,0,0,11.39,8.2,1.03,0.84,0,0,0,0,0,0,0,0,0,0,0,0,0,0,0,0,0,0,0,0,0,0
Thorbastnasite,0,0,0,0,8.26,0,0,0,0,0,0,0,10.61,17.29,7.46,0,0,0,0,0,0,0,0,0,0,0,0,0,0,0,0,0,0,0,0,0,0,0,0,0,0,0,8.06,0,0,0,0,0,0,0,0,0,0,0,0,0,0,0,0,0,51.85,0,0,0,0,0,0
Khanneshite,0,0,0,11.37,8.69,0,0,0,0,0,0,0,0,35.9,0,0,0,0,0,0,0,0,0,0,0,0,25.01,8.45,0,0,0,0,0,0,0,0,0,0,0,0,0,0,8.03,0,0,0,0,0,0,0,0,0,0,0,0,0,0,0,0,0,0,0,0,0,0,0,0
Florencite-(La),0,29.86,0,0,0,0,0,0,27.72,0,0,0,10.55,0,0,0,0,0,0,0,0,0,0,0,0,0,0,0,0,0,0,0,0,0,0,0,0,0,0,0,0,23.86,8.01,0,0,0,0,0,0,0,0,0,0,0,0,0,0,0,0,0,0,0,0,0,0,0,0
Hellandite-(Y),23.35,3.71,0,0,16.34,0,0,0,0,0,0,0,1.75,0,0,0,0,0,13.53,0,0,0,0,0,0,0,0,0,0,0,0,0,0,0,0,0,0,0,0,0,0,0,7.97,0,0,0,0,0,0,0,0,0,0,0,0,16.32,0,16.45,0,0,0,0,0,0,0,0,0
Florencite-(Nd),0,29.63,0,0,0,0,0,0,27.5,0,0,0,10.47,0,0,0,0,0,0,0,0,0,0,0,0,0,0,0,0,0,0,0,0,0,0,0,0,0,0,0,0,0,7.95,0,24.45,0,0,0,0,0,0,0,0,0,0,0,0,0,0,0,0,0,0,0,0,0,0
Cebaite-(Nd),0,0,0,0,0,0,0,0,0,0,0,0,0,21.23,3.67,0,0,0,0,0,0,0,0,0,0,0,44.38,0,0,0,0,0,0,0,0,0,0,0,0,0,0,0,7.92,0,24.35,0,0,0,0,0,0,0,0,0,0,0,0,0,0,0,0,0,0,0,0,0,0
Ilimaussite-(Ce),29.21,0.38,1.95,5.11,0,0,0,3.92,0,0,0.33,3.51,4.3,0,0.52,0,0,0,0,0,0,0,0,0,0,0,24.62,0.07,0,0,0,0,0,0,0,0,0,0,0,0,0,3.1,7.87,2.52,1.23,0,0,0,0,0,0,0,0,0,0,0,0,0,0,0,1.18,0,0,0,0,0,10.69
Dissakisite-(La),32.37,17,2.17,0.01,12.15,4.55,3.13,0,0.1,0.12,0,0.43,1.63,0,0.03,0,0,0,0,0,0,0,0,0,0,0.22,0,0.19,0.12,0,0,1.83,0,0.14,0,0,0,0,0,0,0,9.31,7.8,0.57,1.16,0.06,0,0.03,0,0,0,0.03,0,0,0,0,0.03,0,0,0,4.31,0.15,0,0,0.02,0,0
Francoisite-(Ce),0,0,0,0,0.44,0,0,0,11.16,0,0,0,9.2,0,0,0,0,0,0,0,0,0,0,0,0,0,0,0,0,0,0,0,0,0,0,0,0,0,0,0,0,0,7.74,0,3.97,0,0,0,0,0,0,0,0,0,0,0,0,0,0,0,0,63.66,0,0,0,0,0
Brockite,0,0,0,0,15.25,0,0,0,32.16,0,0,0,8.16,0,0,0,0,0,0,0,0,0,0,0,0,0,0,0,0,0,0,0,0,0,0,0,0,0,0,0,0,0,7.44,0,0,0,0,0,0,0,0,0,0,0,0,0,0,0,0,0,35.9,0,0,0,0,0,0
Iraqite-(La),57.71,0.94,0,0.38,12.01,0,0,3.17,0,0,0,0,0,0,0,0,0,0,0,0,0,0,0,0,0,0,0,0,0,0,0,0,0,0,0,0,0,0,0,0,0,6.98,7.03,0,0,0,0,0,0,0,0,0,0,0,0,0,0,0,0,0,11.31,0,0,0,0,0,0
Burbankite,0,0,0,9.66,6.35,0,0,0,0,0,0,0,0,31.17,0,0,0,0,0,0,0,0,0,0,0,0,19.55,26.42,0,0,0,0,0,0,0,0,0,0,0,0,0,0,6.97,0,0,0,0,0,0,0,0,0,0,0,0,0,0,0,0,0,0,0,0,0,0,0,0
Diversilite-(Ce),32.04,0,0,2.73,0.1,0,3.07,5.74,0,1.06,0,9.07,6.14,0,0,0,0,0,0,0,0,0,0,0,0,0,24.56,0.41,0,0,0,0,0,0,0,0,0,0,0,0,0,4.8,6.64,0.73,1.18,0.15,0,0,0,0,0,0,0,0,0,0,0,0,0,0,0,0,0,0,0,0,1.58
Davidite-(Ce),0,0,21.33,0,0,0,0,0,0,0,0,64.03,0,0,0,0,0,0,0,0,0,0,0,0,0,0,0,0,0,0,0,0,0,0,0,0,0,0,0,0,0,2.18,6.58,0,0,0,0,0,0,0,0,0,0,0,0,0,0,4.52,0,0,0,3.61,0,0,0,0,0
Semenovite,43.41,0.71,2.43,11.14,6.1,0,0.8,0.1,0,1.82,0,0,1.94,0,4.57,0,0,8.32,0,0,0,0,0,0,0.48,0.52,0,0,0,0,0,0,0,0,0,0,0,0,0,0,0,6.95,6.48,0,0,0,0,0,0,0,0,0,0,0,0,3.94,0,1.93,0,0,0,0,0,0,0,0,0
Rhabdophane-(Nd),0,0,0,0,0,0,0,0,27.81,0,0,0,7.06,0,0,0,0,0,0,0,0,0,0,0,0,0,0,0,0,0,0,0,0,0,0,0,0,0,0,0,0,19.15,6.43,0,39.55,0,0,0,0,0,0,0,0,0,0,0,0,0,0,0,0,0,0,0,0,0,0
Piergorite-(Ce),24.13,1.5,2.13,0,31.35,0.05,0,0,0,0.33,0,0.69,0.6,0,1.22,0.24,0.49,0.6,18.58,0,0,0,0,0,0,0,0,0,0,0,0,0,0,0,0,0,0,0,0,0,0,3.37,6.35,0.66,1.57,0.12,0,0.12,0,0,0,0,0,0,0,0,0,0.45,0,0.16,5.81,0.72,0,0,0,0,0
Allanite-(La),32.08,17.56,5.3,0,12.86,0.32,8.5,0,0,0,0,0.1,1.62,0,0,0,0,0,0,0,0,0,0,0,0,0,0,0,0,0,0,0,0,0,0,0,0,0,0,0,0,8.41,6.06,3.13,3.5,0,0,0,0,0,0,0,0,0,0,0,0,0.02,0,0,0.28,0,0,0,0,0,0
Ningyoite,0,0,0,0,6.07,0,0,0,25.59,0,0,0,4.87,0,0,0,0,0,0,0,0,0,0,0,0,0,0,0,0,0,0,0,0,0,0,0,0,0,0,0,0,0,5.92,0,0,0,0,0,0,0,0,0,0,0,0,0,0,0,0,0,0,58.42,0,0,0,0,0
Ewaldite,0,0,0,3.15,9.51,0,0,0,0,0,0,0,0,29.86,0,0,0,0,0,0,0,0,0,0,0,0,39.01,8.79,0,0,0,0,0,0,0,0,0,0,0,0,0,0,5.57,0,0,0,0,0,0,0,0,0,0,0,0,0,0,3.83,0,0,0,0,0,0,0,0,0
Manganiandrosite-(La),30.28,8.56,0,0,2.83,0,0,0,0,20.86,13.26,0,1.51,0,0,0,0,0,0,0,0,0,0,0,0,0,0,0,0,0,0,0,0,0,0,0,0,0,0,0,0,13.68,5.51,0,2.83,0,0,0,0,0,0,0,0,0,0,0,0,0,0,0,0,0,0,0,0,0,0
Kukharenkoite-(La),0,0,0,0.26,1.02,0,0,0.31,0,0,0,0,0,21.57,3.42,0,0,0,0,0,0,0,0,0,0,0,44.53,2.39,0,0,0,0,0,0,0,0,0,0,0,0,0,11.29,5.42,0.82,0.83,0,0,0,0,0,0,0,0,0,0,0,0,0,0,0,9.59,0,0,0,0,0,0
Arsenoflorencite-(Nd),0,18.78,9.8,0,0,0,0,0,3.49,0,0,0,8.85,0,0,0,0,0,0,0,0,0,0,0,0,0,2.51,0,0,0,0,0,0,0,0,0,0,31.98,0,0,0,5.33,5.37,0,13.77,0,0,0,0,0,0,0,0,0,0,0,0,0,0,0,0,0,0,0,0,0,0
Petersite-(Y),0,0,0,0,0.6,0,0,0,22.96,0,0,0,11.66,0,0,0,0,0,0,0,0,0,51.47,0,0,0,0,0,0,0,0,0,0,0,0,0,0,0,0,0,0,0,5.31,0,1.81,0,0,0,0,0,0,0,0,0,0,0,0,6.09,0,0,0,0,0,0,0,0,0
Chukhrovite-(Y),0,12.76,0,0,21.05,0,0,0,0,0,0,0,22.54,0,30.91,0,0,0,0,0,0,0,0,0,0,0,0,0,0,0,0,0,0,0,0,0,0,0,10.02,0,0,0,5.13,0,0,0,0,0,0,0,0,0,0,0,0,0,0,10.6,0,0,0,0,0,0,0,0,0
Agardite-(Ce),0.95,0,0,0,1.2,0,0.34,0,0,0,0,0,11.1,0,0,0,0,0,0,0,0,0,42.93,0,0,0,0,0,0,0,0,0,0,0,0,0,0,30.9,0,0.34,0,2.28,5.06,0,2.36,0.49,0.33,0.51,0,0.17,0,0,0,0,0,0,0,0.95,0,0,0,0,0,0,0,0,0
Polycrase-(Y),0,0,0,0,1.5,0,0,0,0,0,0,25.7,0,0,0,0,0,0,0,0,0,0,0,0,0,0,0,0,0,0,0,0,0,0,0,0,0,0,0,0,0,0,4.4,0,0,0,0,0,0,0,0,0,0,0,0,0,0,15.14,0,0,7.08,0,7.67,0,0,17.77,21.38
Zirkelite,0,0,0,0,8.79,0,0,0,0,0,0,31.3,0,0,0,0,0,0,0,0,0,0,0,0,0,0,0,0,0,0,0,0,0,0,0,0,0,0,0,0,0,0,4.29,0,0,0,0,0,0,0,0,0,0,0,0,0,0,0,0,32.19,6.9,0,0,0,0,0,17.36
Euxenite-(Y),0,0,0,0,2.86,0,0,0,0,0,0,4.07,0,0,0,0,0,0,0,0,0,0,0,0,0,0,0,0,0,0,0,0,0,0,0,0,0,0,0,0,0,0,4.18,0,0,0,0,0,0,0,0,0,0,0,0,0,0,20.15,0,0,0,0,0,0,0,22.53,47.43
Loranskite-(Y),0,0,0,0,3.62,0,4.64,0,0,0,0,0,0,0,0,0,0,0,0,0,0,0,0,0,0,0,0,0,0,0,0,0,0,0,0,0,0,0,0,0,0,0,3.53,0,0,0,0,0,0,0,0,0,0,0,0,0,0,12.16,0,23.88,0,0,0,0,0,52.34,0
Tanteuxenite-(Y),0,0,0,0,2.33,0,0,0,0,0,0,3.32,0.94,0,0,0,0,0,0,0,0,0,0,0,0,0,0,0,0,0,0,0,0,0,0,0,0,0,0,0,0,0,3.41,0,0,0,0,0,0,0,0,0,0,0,0,0,0,16.44,0,0,0,0,0,0,0,64.33,11.06
Carbokentbrooksite,48.33,0,0,10.79,11.25,0,0,0.54,0,1.25,0,0.44,1.25,0.83,0,0.31,0,0,0,0,0,0,0,0,0,0,0,1.49,0,0,0,0,0,0,0,0,0,0,0,0,0,1.88,3.15,0.26,0.81,0,0,0,0,0,0,0,0,0,0,0,0,0.47,0,11.72,0,0,0,0,0,0,3.75
Johnsenite-(Ce),44.47,0,0,10.78,9.26,0,1.66,0.27,0,5.59,0,0.76,0.33,1.3,0,0.79,0,0,0,0,0,5.36,0,0,0,0,0,1.66,0,0,0,0,0,0,0,0,0,0,0,0,0,1.59,3.11,1.17,0.9,0.1,0,0.32,0,0.17,0,0,0,0,0,0,0,0.74,0.06,9.9,0,0,0,0,0,0,0.83
Ilmajokite,33.13,0,0,8.54,0,0,0,0,0,0,0,14.68,29.8,0,0,0,0,0,0,0,0,0,0,0,0,0,5.64,0,0,0,0,0,0,0,0,0,0,0,0,0,0,2.99,3.02,0,0,0,0,0,0,0,0,0,0,0,0,0,0,0,0,0,0,0,0,0,0,0,0
Loveringite,0,1.21,0,0,2.34,2.16,14.55,0,0,0,0,59.49,0,0,0,0,0,0,0,0,0,0,0,0,0,0,0,0,0,0,1.08,8.91,0,0,0,0,0,0,0,0,0,0,2.93,0,0,0,0,0,0,0,0,0,0,0,0,0,0,0,0,4.4,0,0,0,0,0,0,0
Arsenoflorencite-(La),0,27.09,0,0,0,0,0,0,3.77,0,0,0,9.57,0,0,0,0,0,0,0,0,0,0,0,0,0,0,3.67,0,0,0,0,0,0,0,0,0,28.5,4.25,0,0,14.43,2.91,0,0,0,0,0,0,0,0,0,0,0,0,5.95,0,0,0,0,0,0,0,0,0,0,0
Hibonite,0,74.8,0,0,6.33,0.28,7.1,0,0,0,0,5.63,0,0,0,0,0,0,0,0,0,0,0,0,0,0,0,0,0,0,0,0,0,0,0,0,0,0,0,0,0,2.3,2.32,0,0,0,0,0,0,0,0,0,0,0,0,0,0,0,0,0,0,0,0,0,0,0,0
Calciopetersite,0.53,0,0,0,4.45,0,0,0.1,21.2,0,0,0,12.56,0,0,0,0,0,0,0,0,0,51.74,0,0,0,0,0,0,0,0,0,0,0,0,0,0,2.79,0,0,0,0.72,1.99,0.18,1.48,0,0,0,0,0.41,0,0,0,0.22,0,0,0,1.62,0,0,0,0,0,0,0,0,0
Davidite-(La),0,0,21.45,0,0.3,0,0,0,0,0,0,64.39,0,0,0,0,0,0,0,0,0,0,0,0,0,0,0,0,0,0,0,0,0,0,0,0,0,0,0,0,0,6.13,1.76,0,0,0,0,0,0,0,0,0,0,0,0,0,0,4.55,0,0,0,3.63,0,0,0,0,0
Astrocyanite-(Ce),0,0,0,0,0,0,0,0,0,0,0,0,7.01,23.13,0,0,0,0,0,0,0,0,0,15.04,0,0,0,0,0,0,0,0,0,0,0,0,0,0,0,0,0,3.42,1.73,3.47,10.61,1.83,0,0,0,0,0,0,0,0,0,0,0,0,0,0,0,28.38,0,0,0,0,0
Ikranite,49.15,0,4.83,7.99,6.32,0,0.39,0.44,0,3.42,0,0.38,7.74,0,0.1,0.9,0,0,0,0,0,0,0,0,0,0,0,1.61,0,0,0,0,0,0,0,0,0,0,0,0,0,0.65,1.55,0,0.18,0,0,0,0,0,0,0,0,0,0,0,0,0,0.31,14.02,0,0,0,0,0,0,0.29
Hingganite-(Y),28.68,0,0,0,3.62,0,3.81,0,0,0,0,0,3.22,0,0,0,0,11.94,0,0,0,0,0,0,0,0,0,0,0,0,0,0,0,0,0,0,0,0,0,0,0,0.38,1.51,0.38,2.33,1.21,0,2.51,0.42,2.58,1.31,1.76,0.44,2.27,0.92,0,0,31.5,0,0,0,0,0,0,0,0,0
Bario-olgite,0,0,0,14.82,0.25,0,0,0.84,31.72,0.32,0,0,0,0,0,0,0,0,0,0,0,0,0,0,0,0,31.52,16.67,0,0,0,0,0,0,0,0,0,0,0,0,0,2.18,1.47,0,0,0,0,0,0,0,0,0,0,0,0,0,0,0,0,0,0,0,0,0,0,0,0
Voronkovite,49.8,0.15,0,15.94,3.1,0,3.54,0.29,0,4.67,0,0.33,1.57,0,0.21,0.44,0,0,0,0,0,0,0,0,0,0,0,1.79,0,0,0,0,0,0,0,0,0,0,0,0,0,0.94,1.36,0,0.7,0,0,0,0,0,0,0,0,0,0,0,0,0,0.27,14.19,0,0,0,0,0,0,0.89
Chukhrovite-(Nd),0,12.07,0,0,20.02,0,0,0,0,0,0,0,24.95,0,28.94,0,0,0,0,0,0,0,0,0,0,0,0,0,0,0,0,0,0,0,0,0,0,0,9.43,0,0,2.28,1.34,1.35,6.28,1.83,0,1.06,0,0.44,0.22,0,0,0,0,0,0,1.98,0,0,0,0,0,0,0,0,0
Natrokomarovite,17.67,0,0,12.31,3.3,0,0,0,0,0,0,3.52,5.3,0,3.07,0,0,0,0,0,0,0,0,0,0,0,0,0,0,0,0,0,0,0,0,0,0,0,0,0,0,0,1.21,0,0,0,0,0,0,0,0,0,0,0,0,0,0,0,0,0,0,0,0,0,0,0,54.73
Menezesite,0.26,0.06,0,0.07,0.63,1.36,0.59,0.9,0,0.59,0,9.34,7.78,0,0,0,0,0,0,0,0,0,0,0,0,0,12.09,0,0,0,0,0,0,0,0,0,0,0,0,0,0,0.12,1,0,0.61,0,0,0,0,0,0,0,0,0,0,0,0,0,0,12.2,5.23,0.19,0,0,0,2.86,44.15
Crichtonite,0,0,11.71,0,0,0,12.56,0,0,0,3.12,63.54,0,0,0,0,0,0,0,0,0,0,0,0,1.26,0,0,4.09,0,0,0,0,0,0,0,0,0,0,0,0,0,1.84,0.93,0,0,0,0,0,0,0,0,0,0,0,0,0,0,0.64,0,0,0,0,0,0,0,0,0
Plumboagardite,1.48,0,1.53,0,1.43,0,0,0,0.32,0,0,0,10.39,0,0,0,0,0,0,0,0,0,40.52,0,8.95,0,0,0,0,0,0,0,0,0,0,0,0,29.74,0,0,0,1.93,0.9,0.15,1.23,0.16,0,0.17,0,0.17,0,0,0,0,0,0,0,0.93,0,0,0,0,0,0,0,0,0
Gramaccioliite-(Y),0,0,0,0,0.12,0,21.64,0,0,1.44,0,59.3,0,0,0,0,0,0,0,0,0,0,0,0,7.47,0.98,0.17,1.54,0,0,0.2,0,0,0,0,0,0,0,0,0,0,0.18,0.72,0,0.18,0,0,0,0,0,0,0,0,0,0,0,0,3.04,0,0,0,0,0,0.29,0,0,0.29
Lakargiite,0.03,0.03,2.47,0,31.05,0.02,0,0,0,0,0,7.9,0,0,0,0,0,0,0,11.1,0,0,0,0,0,0,0,0.12,0,0.13,0,0,0.34,0,0,0,0,0,0,0,0,0.55,0.55,0,0.09,0,0,0,0,0,0,0,0,0,0,0,0.39,0.13,0.95,40.32,0.89,0,2.25,0,0,0.12,0.52
Arapovite,53.55,0,0,2.52,8.06,0,0,4.46,0,0,0,0,1.79,0,0,0,0,0,0,0,0,0,0,0,0.75,0,0,0,0,0,0,0,0,0,0,0,0,0,0,0,0,0.18,0.55,0,0.56,0.19,0.2,0,0,0.21,0,0,0,0,0,0,0,0,0,0,10.59,16.54,0,0,0,0,0
Kochite,32.5,0.07,0,10.64,22.02,0,1.1,0,0,5.04,0,8.7,0,0,7.03,0,0,0,0,0,0,0,0,0,0,0,0,0.14,0,0.05,0,0,0,0,0,0,0,0,0,0,0,0.22,0.55,0,0,0,0,0,0,0,0,0,0,0,0,0,0,0.38,0.14,12.44,0,0,0,0,0,0,1.94
Francoisite-(Nd),0,0,0,0,0,0,0,0,10.85,0,0,0,9.85,0,0,0,0,0,0,0,0,0,0,0,0,0,0,0,0,0,0,0,0,0,0,0,0,0,0,0,0,0,0.53,0,2.71,0.84,0,0,0,0,0,0,0,0,0,0,0,0.91,0,0,0,69.49,0,0,0,0,0
Stavelotite-(La),20.82,3.41,13.5,0,0.34,1.09,0,0,0,0,0,0.45,0,0,0,0,0,0,0,0,0,0,2.18,0,0,0,0,0,0,0,0,0,0,0,0.19,0,0,0,0,0,0,8.66,0.45,0,3.5,0,0,0,0,0,0,0,0,0,0,0,1.52,0,0,0,0,0,0,0,0,0,0
Nechelyustovite,27.3,0,0,7.75,1.34,0,0.33,0.91,0,5,0,20.6,10.28,0,0,0,0,0,0,0,0,0,0,0,0,0,13.06,2.94,0,0,0,0,0,0,0,0,0,0,0,0,0,0,0.37,0,0,0,0,0,0,0,0,0,0,0,0,0,0,0,0,0,0,0,0,0,0,0,10.12
Mogovidite,47.03,0,3.85,9.98,18.38,0,1.36,0.37,0,0.69,0,0.23,1.27,1.48,0,0.53,0,0,0,0,0,0,0,0,0,0,0,0,0,0,0,0,0,0,0,0,0,0,0,0,0,0.16,0.32,0,0,0,0,0,0,0,0,0,0,0,0,0,0,0,0,12.14,0,0,0,0,0,0,1.73
Golyshevite,50.65,0.14,4.61,9.56,12.17,0,1.23,0.48,0,0.7,0,0,1.35,1.58,0,0.25,0,0,0,0,0,0,0,0,0,0,0,0,0,0,0,0,0,0,0,0,0,0,0,0,0,0.17,0.28,0,0,0,0,0,0,0,0,0,0,0,0,0,0,0,0,12.51,0,0,0,0,0,0,2.73
Labyrinthite,50.42,0,0,16.89,10.81,0,2.58,1.12,0,1.01,0,0.68,1.59,0,0.11,1.71,0,0,0,0,0,0,0,0,0,0,0,1.26,0,0,0,0,0,0,0,0,0,0,0,0,0,0,0.27,0,0,0,0,0,0,0,0,0,0,0,0,0,0,0,0,11.98,0,0,0,0,0,0,0
Kapustinite,52.29,0,0,24.18,0.16,0,0.31,0,0,2.37,0,0.58,2.77,0,0,0,0,0,0,0,0,0,0,0,0,0,0,0,0,0,0,0,0,0,0,0,0,0,0,0,0,0,0.24,0,0.24,0,0,0,0,0,0,0,0,0,0,0,0,0.16,0,16.26,0,0.39,0,0,0,0,0
Samarskite-(Yb),0.42,0,0,0,2.21,0,2.67,0,0,1.07,0,0.69,0,0,0,0,0,0,0,0.58,0,3.12,0,0,0.29,0,0,0,0,0,0,0,0,0,0,0,0,0,0,0,0,0.05,0.21,0.05,0.65,0.45,0,0.58,0.29,3.22,0.6,3.55,0.62,6.06,1.02,0,0.26,2.02,0,1.03,10.57,10.89,0,0,0,15.85,30.98
Apatite-(CaOH)-M,0.19,0,0,3.29,50.12,0,0,0,33.23,0,0,0,1.39,0,0,1.64,0,0,0,0,0,0,0,0,0,0,0,0.31,0,0,0,0,0,0,0,0,0,0,0,9.01,0,0.07,0.16,0,0,0,0,0,0,0,0,0,0,0,0,0,0,0,0,0,0,0,0,0,0,0,0
Feklichevite,49.91,0,3.18,11.35,15.41,0,2.06,0,0,0.49,0,0.13,1.82,0,0.12,0.61,0,0,0,0,0,0,0,0,0,0,0,0.27,0,0,0,0,0,0,0,0,0,0,0,0,0,0.11,0.16,0,0,0,0,0,0,0,0,0,0,0,0,0,0,0,0.62,11.56,0,0,0,0,0,0,2.41
Manganokukisvumite,42.56,0.18,0,15.92,0.1,0.25,0.57,0.21,0,5.58,0,27.41,6.37,0,0,0,0,0,0,0,0,0,0,0,0,0,0,0,0,0,0,0,0,0,0,0,0,0,0,0,0,0,0.15,0,0,0,0,0,0,0,0,0,0,0,0,0,0,0,0,0,0,0,0,0,0,0,0.71
Yakovenchukite-(Y),57.37,0,0,4.32,3.39,0,0,10.68,0,0,0,0,4.69,0,0,0,0,0,0,0,0,0,0,0,0,0,0,0,0,0,0,0,0,0,0,0,0,0,0,0,0,0,0.13,0,0,0,0,0,0,0.74,0,0.91,0.15,1.57,0,0,0,15.45,0,0,0.63,0,0,0,0,0,0
Taseqite,43.34,0,0,8.02,8.52,0,4.07,0.24,0,3.15,0,0,0.61,0,0,1.99,0,0,0,0.13,0,0,0,0,0,0,0,14.55,0,0,0,0,0,0,0,0,0,0,0,0,0,0,0.1,0,0,0,0,0,0,0,0,0,0,0,0,0,0,0.3,0.31,10.28,0,0,0,0,0,0.26,4.57
Calcybeborosilite-(Y),27.49,0,0,0,12.83,0,4.93,0,0,0,0,0,2.89,0,0.43,0,0,3.43,9.56,0,0,0,0,0,0,0,0,0,0,0,0,0,0,0,0,0,0,0,0,0,0,0,0,0,0,0,0,0,0,0,0,0,0,0,0,38.44,0,0,0,0,0,0,0,0,0,0,0
Kentbrooksite,38.51,0,0,7.15,5.75,0,0,0,0,1.82,0,0,0.92,0,0.97,0,0,0,0,0,0,0,0,0,0,0,0,0,0,0,0,0,0,0,0,0,0,0,0,0,0,0,0,0,0,0,0,0,0,0,0,0,0,0,0,34.45,0,0,0,9.48,0,0,0,0,0,0,3.41
Kamphaugite-(Y),0,0,0,0,17.62,0,0,0,0,0,0,0,8.69,30.07,0,0,0,0,0,0,0,0,0,0,0,0,0,0,0,0,0,0,0,0,0,0,0,0,0,0,0,0,0,0,0,0,0,0,0,0,0,0,0,0,0,15.5,0,28.16,0,0,0,0,0,0,0,0,0
Gerenite-(Y),41.33,0,0,1.78,9.64,0,0,0,0,0,0,0,4.13,0,0,0,0,0,0,0,0,0,0,0,0,0,0,0,0,0,0,0,0,0,0,0,0,0,0,0,0,0,0,0,0,0,0,0,0,0,0,0,0,0,0,14.45,0,29.13,0,0,0,0,0,0,0,0,0
Ciprianiite,23.34,2.37,2.94,0,24.98,0.2,0,0,0,0,0,0.77,0.47,0,0.9,0,0.06,1.99,13.49,0,0,0,0,0,0,0,0,0,0,0,0,0,0,0,0,0,0,0,0,0,0,0,0,0,0,0,0,0,0,0,0,0,0,0,0,11.88,0,0,0,0,16.11,0.78,0,0,0,0,0
Kuliokite-(Y),17,7.21,0,0,0,0,0,0,0,0,0,0,2.8,0,13.44,0,0,0,0,0,0,0,0,0,0,0,0,0,0,0,0,0,0,0,0,0,0,0,0,0,0,0,0,0,0,0,0,0,0,0,0,0,0,0,0,7.13,0,57.51,0,0,0,0,0,0,0,0,0
Bijvoetite-(Y),0,0,0,0,0,0,0,0,0,0,0,0,10.96,9.96,0,0,0,0,0,0,0,0,0,0,0,0,0,0,0,0,0,0,0,0,0,0,0,0,0,0,0,0,0,0,0,0,0,0,0,0,0,0,0,0,0,4.75,0,9.58,0,0,0,61.12,0,0,0,0,0
Mckelveyite-(Nd),0,0,0,1.36,6.14,0,0,0,0,0,0,0,31.54,19.26,0,0,0,0,0,0,0,0,0,0,0,0,25.17,5.67,0,0,0,0,0,0,0,0,0,0,0,0,0,0,0,0,7.36,0,0,0,0,0,0,0,0,0,0,3.68,0,0,0,0,0,0,0,0,0,0,0
Miserite,51.44,0.05,0.34,0.07,33.17,0.09,0,6.71,0,0,0.25,0.09,2.36,0,1.12,0,0,0,0,0,0,0,0,0,0,0,0,0,0,0,0,0,0,0,0,0,0,0,0,0,0,0,0,0,0,0,0,0,0,0,0,0,0,0,0,3.24,0,2.18,0,0,0,0,0,0,0,0,0
Georgbarsanovite,46.01,0,0,11.02,10.71,0,5.56,0.34,0,2.56,0,0.12,0.48,0,0.35,1.19,0,0,0,0,0,0,0,0,0,0,0.14,2.23,0,0,0,0,0,0,0,0,0,0,0,0,0,0,0,0,0,0,0,0,0,0,0,0,0,0,0,3.21,0,0.45,0.26,12.07,0,0,0,0,0,0,3.71
Mckelveyite-(Y),0,0,0,3.41,5.48,0,0,0,0,0,0,0,5.56,27.18,0,0,0,0,0,0,0,0,0,0,0,0,44.03,3.31,0,0,0,0,0,0,0,0,0,0,0,0,0,0,0,0,0,0,0,0,0,0,0,0,0,0,0,2.25,0,8.6,0,0,0,0,0,0,0,0,0
Abenakiite-(Ce),12.31,0,0,27.52,0,0,0,0,14.54,0,0,0,0,9.02,0,0,0,0,0,0,0,0,0,0,0,0,0,0,0,0,0,0,0,0,0,2.19,0,0,0,0,0,0,0,0,0,0,0,0,0,0,0,0,0,0,0,34.42,0,0,0,0,0,0,0,0,0,0,0
Calcioburbankite,0,0,0,15.57,16.91,0,0,0,0,0,0,0,0,36.86,0,0,0,0,0,0,0,0,0,0,0,0,0,5.21,0,0,0,0,0,0,0,0,0,0,0,0,0,0,0,0,0,0,0,0,0,0,0,0,0,0,0,25.32,0,0,0,0,0,0,0,0,0,0,0
Proshchenkoite-(Y),13.98,0,0,1.33,5.27,0,2.2,0,1.83,2.41,0,0.06,0,0,9.42,0,0,0,4.11,0,0,0,0,0,0.08,0,0,0,0,0,0,0,0,0,0,0,0,0.17,0,0,0,0,0,0,0,0,0,0,0,0,0,0,0,0,0,46.72,0,15.41,0,0,0.97,0,0,0,0,0,0
Zajacite-(Ce),0,0,0,10.5,23.76,0,0,0,0,0,0,0,0,0,38.63,0,0,0,0,0,0,0,0,0,0,0,0,0,0,0,0,0,0,0,0,0,0,0,0,0,0,0,0,0,0,0,0,0,0,0,0,0,0,0,0,42.7,0,0,0,0,0,0,0,0,0,0,0
Hundholmenite-(Y),16.09,1.52,0.79,1.23,7.79,0,0,0,0,0,0,0,0,0,6.03,0,0,0,4.14,0,0,0,0,0,0,0,0,0,0,0,0,0,0,0,0,0,1.96,1.14,0,0,0,0,0,0,0,0,0,0,0,0,0,0,0,0,0,33.32,0,26.87,0,0,0,0,0,0,0,0,0
IMA2008-024,28.57,0,0,7.37,26.66,0,0,0,0,0,0,2.37,0,0,6.77,0,0,0,0,0,0,0,0,0,0,0,0,0,0,0,0,0,0,0,0,0,0,0,0,0,0,0,0,0,0,0,0,0,0,0,0,0,0,0,0,19.97,0,0,0,0,0,0,0,0,0,0,11.85
IMA2009-005,19.42,0,0,0,12.08,0,0,0,7.65,0,0,0,0,0,2.73,0,0,0,0,0,0,0,0,0,0,0,0,0,0,0,0,0,0,0,0,0,0,0,0,0,0,0,0,0,0,0,0,0,0,0,0,0,0,0,0,12.06,0,48.65,0,0,0,0,0,0,0,0,0
Kapitsaite-(Y),35.12,0,0,0.22,2.76,0,0,1,0,0,0,0,0,0,1.34,0,0,0,8.58,0,0,0,0,0,3.14,0,37.8,0,0,0,0,0,0,0,0,0,0,0,0,0,0,0,0,0,0,0,0,0,0,0,0,0,0,0,0,2.37,0,7.95,0,0,0,0,0,0,0,0,0
Maoniupingite-(Ce),19.56,0,11.7,0,4.56,0,4.68,0,0,0,0,14.95,0,0,0,0,0,0,0,0,0,0,0,0,0,0,0,0,0,0,0,0,0,0,0,0,0,0,0,0,0,0,0,0,0,0,0,0,0,0,0,0,0,0,0,41.01,0,0,0,0,0,0,0,0,0,0,4.33
Calciogadolinite,25.35,0,16.84,0,11.83,0,0,0,0,0,0,0,0,0,0,0,0,10.55,0,0,0,0,0,0,0,0,0,0,0,0,0,0,0,0,0,0,0,0,0,0,0,0,0,0,0,0,0,0,0,0,0,0,0,0,0,35.43,0,0,0,0,0,0,0,0,0,0,0
Nioboaeschynite-(Y),0,0,2.38,0,4.71,0,0,0,0,0.12,0,19.93,0,0,0,0,0,0,0,0,0,0,0,0,0,0,0,0,0,0,0,0,0,0,0,0,0,0,0,0,0,0,0,0,0,0,0,0,0,0,0,0,0,0,0,15.49,0,5.82,0,0,12.89,0.66,0,0,0,4.19,33.88
Trimounsite-(Y),11.38,0,0,0,0,0,0,0,0,0,0,35.3,0,0,0,0,0,0,0,0,0,0,0,0,0,0,0,0,0,0,0,0,0,0,0,0,0,0,0,0,0,0,0,0,0,0,0,0,0,0,0,0,0,0,0,17.68,0,35.64,0,0,0,0,0,0,0,0,0
Strontiochevkinite,21.08,0,0,0,0,0,6.3,0,0,0,0,24.52,0,0,0,0,0,0,0,0,0,0,0,0,0,0,0,27.26,0,0,0,0,0,0,0,0,0,0,0,0,0,0,0,0,0,0,0,0,0,0,0,0,0,0,0,14.73,0,0,0,5.4,0,0,0,0,0,0,0
Churchite-(Dy),0,0,0,0,0,0,0,0,25,0,0,0,12.69,0,0,0,0,0,0,0,0,0,0,0,0,0,0,0,0,0,0,0,0,0,0,0,0,0,0,0,0,0,0,0,23.7,6.14,0,12.77,0,19.71,0,0,0,0,0,0,0,0,0,0,0,0,0,0,0,0,0
Decrespignyite-(Y),0,0,0,0,0.45,0,0,0,0,0,0,0,10.45,19.13,0,2.9,0,0,0,0,0,0,10.55,0,0,0,0,0,0,0,0,0,0,0,0,0,0,0,0,0,0,0.38,0,0.19,1.16,1,0,4.6,0.42,3.65,2.61,2.43,0,0,0,0,0,40.74,0,0,0,0,0,0,0,0,0
Moskvinite-(Y),60.24,0,0,10.67,0,0,0,7.48,0,0,0,0,0,0,0,0,0,0,0,0,0,0,0,0,0,0,0,0,0,0,0,0,0,0,0,0,0,0,0,0,0,0,0,0,0.28,0.58,0,1.21,0.31,2.8,0.63,1.28,0,0,0,0,0,14.53,0,0,0,0,0,0,0,0,0
Iwashiroite-(Y),0,0,0,0,0.18,0,0,0,0,0,0,0.51,0,0,0,0,0,0,0,0,0,0,0,0,0,0,0,0,0,0,0,0,0,0,0,0,0,0,0,0,0,0,0,0,0,0.56,0,1.16,0,2.38,0.6,1.83,0.62,3.15,0.64,0,0,29.2,0,0,0.84,0.86,0,0,0,40.92,16.55
Adamsite-(Y),0,0,0,9,0,0,0,0,0,0,0,0,31.4,25.57,0,0,0,0,0,0,0,0,0,0,0,0,0,0,0,0,0,0,0,0,0,0,0,0,0,0,0,0,0,0,0,0,0,2.11,0,5.42,0,2.78,0,0,0,0,0,22.96,0,0,0,0,0,0,0,0,0
Pyatenkoite-(Y),43.88,0,0,18.86,0,0,0,0,0,0,0,9.72,13.16,0,0,0,0,0,0,0,0,0,0,0,0,0,0,0,0,0,0,0,0,0,0,0,0,0,0,0,0,0,0,0,0,0,0,2.21,0,2.27,0,0,0,0,0,0,0,9.62,0,0,0,0,0,0,0,0,0
Mineevite-(Y),0,0,0,36.62,0,0,0,0,0,0,0,0,1.7,31.21,1.8,1.68,0,0,0,0,0,0,0,0,0,0,7.25,0,0,0,0,0,0,0,0,0,0,0,7.57,0,0,0,0,0,0,0,0,5.14,0,1.76,0,0,0,0,0,0,0,6.4,0,0,0,0,0,0,0,0,0
Lepersonnite-(Gd),2.82,0,0,0,0.45,0,0,0,0,0,0,0,12.11,4,0,0,0,0,0,0,0,0,0,0,0,0,0,0,0,0,0,0,0,0,0,0,0,0,0,0,0,0,0,0,0,0,0,2.12,0.12,1.09,0,0,0,0,0,0,0,0.41,0,0,0,0,76.89,0,0,0,0
Agardite-(Dy),0,0,0,0,0.52,0,0,0,0,0,0,0,9.98,0,0,0,0,0,0,0,0,0,44.05,0,0,0,0,0,0,0,0,0,0,0,0,0,0,31.82,0,0,0,3.01,0,0,0,0,0,0,0,10.33,0,0,0,0,0,0,0,0,0,0,0,0,0,0,0,0,0
Yftisite-(Y),15.96,0,0,0,0,0,0,0,0,0,0,7.95,2.39,0,10.09,0,0,0,0,5,0,0,0,0,0,0,0,0,0,0,0,0,0,0,0,0,0,0,0,0,0,0,0,0,0,0,0,0,0,7.43,0,5.08,0,0,0,0,0,52.47,0,0,0,0,0,0,0,0,0
Micheelsenite,0,6.88,0,0,16.81,0,0,0,7.45,0,0,0,41.46,7.92,0,0,0,0,0,0,0,0,0,0,0,0,0,0,0,0,0,0,0,0,0,0,0,0,0,0,0,0,0,0,0,0,0,0,0,2.8,0,0,0,0,0,0,0,16.93,0,0,0,0,0,0,0,0,0
Hydroxylbastnasite-(Nd),0,0,0,0,0,0,0,0,0,0,0,0,4.07,19.89,0,0,0,0,0,0,0,0,0,0,0,0,0,0,0,0,0,0,0,0,0,0,0,0,0,0,0,0,0,0,76.04,0,0,0,0,0,0,0,0,0,0,0,0,0,0,0,0,0,0,0,0,0,0
Churchite-(Nd),0,0,0,0,0,0,0,0,25.79,0,0,0,13.09,0,0,0,0,0,0,0,0,0,0,0,0,0,0,0,0,0,0,0,0,0,0,0,0,0,0,0,0,0,0,0,61.12,0,0,0,0,0,0,0,0,0,0,0,0,0,0,0,0,0,0,0,0,0,0
Calcioancylite-(Nd),0,0,0,0,16.52,0,0,0,0,0,0,0,7.96,25.94,0,0,0,0,0,0,0,0,0,0,0,0,0,0,0,0,0,0,0,0,0,0,0,0,0,0,0,0,0,0,49.58,0,0,0,0,0,0,0,0,0,0,0,0,0,0,0,0,0,0,0,0,0,0
Lanthanite-(Nd),0,0,0,0,0,0,0,0,0,0,0,0,23.63,21.65,0,0,0,0,0,0,0,0,0,0,0,0,0,0,0,0,0,0,0,0,0,0,0,0,0,0,0,13.35,0,0,41.37,0,0,0,0,0,0,0,0,0,0,0,0,0,0,0,0,0,0,0,0,0,0
Tundrite-(Nd),9.69,0,0,7.5,0,0,0,0,0,0,0,9.66,3.63,10.65,0,0,0,0,0,0,0,0,0,0,0,0,0,0,0,0,0,0,0,0,0,0,0,0,0,0,0,13.14,0,0,40.7,0,0,0,0,0,0,0,0,0,0,0,0,0,0,0,0,0,0,0,0,0,5.36
Kozoite-(Nd),0,0,0,0,0,0,0,0,0,0,0,0,4.39,21.45,0,0,0,0,0,0,0,0,0,0,0,0,0,0,0,0,0,0,0,0,0,0,0,0,0,0,0,23.82,0,8.04,36.89,4.25,0,0,0,0,0,0,0,0,0,0,0,0,0,0,0,0,0,0,0,0,0
Gysinite-(Nd),0,0,0,0,0,0,0,0,0,0,0,0,5.35,17.42,0,0,0,0,0,0,0,0,0,0,44.19,0,0,0,0,0,0,0,0,0,0,0,0,0,0,0,0,8.06,0,0,24.98,0,0,0,0,0,0,0,0,0,0,0,0,0,0,0,0,0,0,0,0,0,0
Shabaite-(Nd),0,0,0,0,5.78,0,0,0,0,0,0,0,13,18.15,0,0,0,0,0,0,0,0,0,0,0,0,0,0,0,0,0,0,0,0,0,0,0,0,0,0,0,0,0,0,21.68,8.99,0,0,0,0,0,0,0,0,0,0,0,2.91,0,0,0,27.84,0,0,0,0,0
Kozoite-(La),0,0,0,0,6.17,0,0,0,0,0,0,0,5.85,23.04,0,0,0,0,0,0,0,0,0,0,0,0,0,1.09,0,0,0,0,0,0,0,0,0,0,0,0,0,34.97,0,4.32,17.62,0.91,0,1.9,0,0,0,0,0,0,0,0,0,4.14,0,0,0,0,0,0,0,0,0
Schuilingite-(Nd),0,0,0,0,0,0,0,0,0,0,0,0,14.23,18.97,0,0,0,0,0,0,0,0,0,10.28,32.06,0,0,0,0,0,0,0,0,0,0,0,0,0,0,0,0,0,0,0,7.25,5.01,0,7.81,0,0,0,0,0,0,0,0,0,3.24,0,0,0,0,0,0,0,0,0
Levinsonite-(Y),0,8.18,0,0,0,0,0,0,0,0,0,0,34.67,0,0,0,0,0,0,0,11.55,0,0,0,0,0,0,0,0,0,0,0,0,0,0,0,0,0,25.68,0,0,2.61,0,0,5.4,2.8,0,2.91,0,0,0,0,0,0,0,0,0,5.43,0,0,0,0,0,0,0,0,0
Kamotoite-(Y),0,0,0,0,0,0,0,0,0,0,0,0,14.59,7.38,0,0,0,0,0,0,0,0,0,0,0,0,0,0,0,0,0,0,0,0,0,0,0,0,0,0,0,0,0,0,3.76,0,0,2.03,0,0,0,0,0,0,0,0,0,8.2,0,0,0,0,63.91,0,0,0,0
Agardite-(Nd),0,0,0,0,0.53,0,0,0,0,0,0,0,12.12,0,0,0,0,0,0,0,0,0,42.65,0,6.3,0,0,0,0,0,0,0,0,0,0,0,0,32.43,0,0,0,1.53,0,0,3.16,0,0,0,0,0,0,0,0,0,0,0,0,1.06,0,0,0,0,0,0,0,0,0
Synchysite-(Nd),0,0,0,0,17.34,0,0,0,0,0,0,0,0,27.22,5.88,0,0,0,0,0,0,0,0,0,0,0,0,0,0,0,0,0,0,0,0,0,0,0,0,0,0,0,0,0,52.03,0,0,0,0,0,0,0,0,0,0,0,0,0,0,0,0,0,0,0,0,0,0
Paratooite-(La),0,0,0,3.42,7.84,0,0,0,0,0,0,0,0,33.21,0.25,0,0,0,0,0,0,0,5.97,0,0,0,0,3.28,0,0,0,0,0,0,0,0,0,0,0,0,0,27.47,0,8.07,8.46,0.65,0,0.84,0,0,0,0,0,0,0,0,0,0.74,0,0,0,0,0,0,0,0,0
Wakefieldite-(Nd),0,0,0,0,0,0,0,0,0,0,0,0,0,0,0,0,0,0,0,0,0,0,0,0,0,0,0,0,0,0,35.09,0,0,0,0,0,0,0,0,0,0,0,0,0,64.91,0,0,0,0,0,0,0,0,0,0,0,0,0,0,0,0,0,0,0,0,0,0
Wakefieldite-(La),0,0,0,0,0,0,0,0,0,0,0,0,0,0,0,0,0,0,0,0,0,0,0,0,0,0,0,0,0,0,36.22,0,0,0,0,0,0,0,0,0,0,45.61,0,7.15,9.95,0.69,0,0,0,0,0,0,0,0,0,0,0,0.45,0,0,0,0,0,0,0,0,0
Caysichite-(Y),29.34,0,0,0,12.32,0,0,0,0,0,0,0,7.69,17.89,0,0,0,0,0,0,0,0,0,0,0,0,0,0,0,0,0,0,0,0,0,0,0,0,0,0,0,0,0,0,0,0,0,4.43,0,0,0,0,0,0,0,0,0,27.57,0,0,0,0,0,0,0,0,0
Hydroxylbastnasite-(La),0,0,0,0,0,0,0,0,0,0,0,0,4.17,20.38,0,0,0,0,0,0,0,0,0,0,0,0,0,0,0,0,0,0,0,0,0,0,0,0,0,0,0,75.45,0,0,0,0,0,0,0,0,0,0,0,0,0,0,0,0,0,0,0,0,0,0,0,0,0
Bastnasite-(La),0,0,0,0,0,0,0,0,0,0,0,0,0,20.2,8.72,0,0,0,0,0,0,0,0,0,0,0,0,0,0,0,0,0,0,0,0,0,0,0,0,0,0,74.76,0,0,0,0,0,0,0,0,0,0,0,0,0,0,0,0,0,0,0,0,0,0,0,0,0
Isolueshite,0,0,0,6.12,5.54,0,0,0,0,0,0,9.87,0,0,0,0,0,0,0,0,0,0,0,0,0,0,0,0,0,0,0,0,0,0,0,0,0,0,0,0,0,32.19,0,0,0,0,0,0,0,0,0,0,0,0,0,0,0,0,0,0,0,0,0,0,0,0,49.24
Tritomite-(Y),17.33,2.21,0,0,12.13,0,5.18,0,0,0,0,0,3.9,0,5.48,0,0,0,3.51,0,0,0,0,0,0,0,0,0,0,0,0,0,0,0,0,0,0,0,0,0,0,23.49,0,0,0,0,0,0,0,0,0,0,0,0,0,0,0,32.56,0,0,0,0,0,0,0,0,0
Agardite-(La),0,0,0,0,1.31,0,0,0,0,0,0,0,10.12,0,0,0,0,0,0,0,0,0,44.67,0,0,0,0,0,0,0,0,0,0,0,0,0,0,32.27,0,0,0,11.44,0,0,0,0,0,0,0,0,0,0,0,0,0,0,0,0,0,0,0,0,0,0,0,0,0
Chernovite-(Y),0,0,0,0,0,0,0,0,3.11,0,0,0,0,0,0,0,0,0,0,0,0,0,0,0,0,0,0,0,0,0,0,0,0,0,0,0,0,45.28,0,0,0,7.13,0,0,0,0,0,0,0,0,0,0,0,0,0,0,0,44.48,0,0,0,0,0,0,0,0,0
Pretulite,0,0,0,0,0,0,0,0,50.72,0,0,0,0,0,0,0,0,0,0,0,0,0,0,0,0,0,0,0,0,0,0,0,0,0,0,0,0,0,0,0,0,0,0,0,0,0,0,0,0,0,0,0,0,0,0,0,49.28,0,0,0,0,0,0,0,0,0,0
Thortveitite,42.91,0,0,0,0,0,0,0,0,0,0,0,0,0,0,0,0,0,0,0,0,0,0,0,0,0,0,0,0,0,0,0,0,0,0,0,0,0,0,0,0,0,0,0,0,0,0,0,0,0,0,0,0,0,0,0,36.93,20.16,0,0,0,0,0,0,0,0,0
Kolbeckite,0,0.29,0.91,0,0,0,0,0,40.28,0,0,0,20.45,0,0,0,0,0,0,0,0,0,0,0,0,0,0,0,0,1.28,0,0,0,0,0,0,0,0,0,0,0,0,0,0,0,0,0,0,0,0,0,0,0,0,0,0,36.79,0,0,0,0,0,0,0,0,0,0
Allendeite,0,0.71,0,0,2.68,0,0.78,0,0,0,0,5.42,0,0,0,0,0,0,0,0,0,0,0,0,0,0,0,0,0,0.35,0,0,0,0,0,0,0,0,0,0,0,0,0,0,0,0,0,0,0,0,0,0,0,0,0,0,32.01,0.7,1.3,56.06,0,0,0,0,0,0,0
Heftetjernite,0,0,0,0,0,0,0,0,0,0,0,0,0,0,0,0,0,0,0,0,0,0,0,0,0,0,0,0,0,0,0,0,0,0,0,0,0,0,0,0,0,0,0,0,0,0,0,0,0,0,0,0,0,0,0,0,23.79,0,0,0,0,0,0,0,0,76.21,0
Jervisite,53.79,0,0,8.32,7.53,5.41,6.43,0,0,0,0,0,0,0,0,0,0,0,0,0,0,0,0,0,0,0,0,0,0,0,0,0,0,0,0,0,0,0,0,0,0,0,0,0,0,0,0,0,0,0,0,0,0,0,0,0,18.52,0,0,0,0,0,0,0,0,0,0
Bazzite,63.87,4.52,0,0,0,0,0,0,0,0,0,0,0,0,0,0,0,13.29,0,0,0,0,0,0,0,0,0,0,0,0,0,0,0,0,0,0,0,0,0,0,0,0,0,0,0,0,0,0,0,0,0,0,0,0,0,0,18.32,0,0,0,0,0,0,0,0,0,0
Juonniite,0,0,0,0,14.44,10.38,0,0,36.55,0,0,0,20.88,0,0,0,0,0,0,0,0,0,0,0,0,0,0,0,0,0,0,0,0,0,0,0,0,0,0,0,0,0,0,0,0,0,0,0,0,0,0,0,0,0,0,0,17.76,0,0,0,0,0,0,0,0,0,0
Cascandite,56.86,0,0,0,17.69,0,5.67,0,0,0,0,0,2.84,0,0,0,0,0,0,0,0,0,0,0,0,0,0,0,0,0,0,0,0,0,0,0,0,0,0,0,0,0,0,0,0,0,0,0,0,0,0,0,0,0,0,0,16.31,0,0,0,0,0,0,0,0,0,0
Scandiobabingtonite,53.44,0,0,0,19.95,0,9.59,0,0,3.15,0,0,1.6,0,0,0,0,0,0,0,0,0,0,0,0,0,0,0,0,0,0,0,0,0,0,0,0,0,0,0,0,0,0,0,0,0,0,0,0,0,0,0,0,0,0,0,12.27,0,0,0,0,0,0,0,0,0,0
Kristiansenite,40.85,0.35,0,0.43,18.49,0,1.73,0,0,0,0,0,2.04,0,0,0,0,0,0,27.43,0,0,0,0,0,0,0,0,0,0,0,0,0,0,0,0,0,0,0,0,0,0,0,0,0,0,0,0,0,0,0,0,0,0,0,0,8.05,0,0,0.42,0,0,0,0,0,0,0
Oftedalite,73.98,0.47,0,0,4.55,0,0.3,4.74,0,1.31,0,0,0,0,0,0,0,7.48,0,0,0,0,0,0,0,0,0,0,0,0,0,0,0,0,0,0,0,0,0,0,0,0,0,0,0,0,0,0,0,0,0,0,0,0,0,0,6.8,0.35,0,0,0,0,0,0,0,0,0
Magbasite,38.22,4.05,0,0,0,17.09,15.23,4.99,0,0,0,0,0,0,4.03,0,0,0,0,0,0,0,0,0,0,0,16.25,0,0,0,0,0,0,0,0,0,0,0,0,0,0,0,0,0,0,0,0,0,0,0,0,0,0,0,0,0,1.83,0,0,0,0,0,0,0,0,0,0
Arrojadite-(SrFe),0.06,2.47,0,4.8,1.6,7.05,23.11,0.07,41.09,11.44,0,0,0.92,0,0.83,0,0.01,0,0,0,0,0,0,0,0.32,0.28,1.49,4.67,0,0,0,0,0,0,0,0,0,0,0,0,0,0,0,0,0,0,0,0,0,0,0,0,0,0,0,0,0.13,0,0,0,0,0,0,0,0,0,0
Iimoriite-(Y),18.21,0,0,0,0,0,0,0,0,0,0,0,0,13.34,0,0,0,0,0,0,0,0,0,0,0,0,0,0,0,0,0,0,0,0,0,0,0,0,0,0,0,0,0,0,0,0,0,0,0,0,0,0,0,0,0,0,0,68.45,0,0,0,0,0,0,0,0,0
Bastnasite-(Y),0,0,0,0,0,0,0,0,0,0,0,0,0,26.21,11.31,0,0,0,0,0,0,0,0,0,0,0,0,0,0,0,0,0,0,0,0,0,0,0,0,0,0,0,0,0,0,0,0,0,0,0,0,0,0,0,0,0,0,67.24,0,0,0,0,0,0,0,0,0
Thalenite-(Y),34.14,0,0,0,0,0,0,0,0,0,0,0,1.71,0,0,0,0,0,0,0,0,0,0,0,0,0,0,0,0,0,0,0,0,0,0,0,0,0,0,0,0,0,0,0,0,0,0,0,0,0,0,0,0,0,0,0,0,64.15,0,0,0,0,0,0,0,0,0
Fluorthalenite-(Y),34.01,0,0,0,0,0,0,0,0,0,0,0,0,0,3.58,0,0,0,0,0,0,0,0,0,0,0,0,0,0,0,0,0,0,0,0,0,0,0,0,0,0,0,0,0,0,0,0,0,0,0,0,0,0,0,0,0,0,63.91,0,0,0,0,0,0,0,0,0
Xenotime-(Y),0,0,0,0,0,0,0,0,38.6,0,0,0,0,0,0,0,0,0,0,0,0,0,0,0,0,0,0,0,0,0,0,0,0,0,0,0,0,0,0,0,0,0,0,0,0,0,0,0,0,0,0,0,0,0,0,0,0,61.4,0,0,0,0,0,0,0,0,0
Rowlandite-(Y),30.59,0,0,0,0,0,9.14,0,0,0,0,0,0,0,4.84,0,0,0,0,0,0,0,0,0,0,0,0,0,0,0,0,0,0,0,0,0,0,0,0,0,0,0,0,0,0,0,0,0,0,0,0,0,0,0,0,0,0,57.47,0,0,0,0,0,0,0,0,0
Tengerite-(Y),0,0,0,0,0,0,0,0,0,0,0,0,11.18,32.77,0,0,0,0,0,0,0,0,0,0,0,0,0,0,0,0,0,0,0,0,0,0,0,0,0,0,0,0,0,0,0,0,0,0,0,0,0,0,0,0,0,0,0,56.05,0,0,0,0,0,0,0,0,0
Wakefieldite-(Y),0,0,0,0,0,0,0,0,0,0,0,0,0,0,0,0,0,0,0,0,0,0,0,0,0,0,0,0,0,0,44.61,0,0,0,0,0,0,0,0,0,0,0,0,0,0,0,0,0,0,0,0,0,0,0,0,0,0,55.39,0,0,0,0,0,0,0,0,0
Horvathite-(Y),0,0,0,14.76,0,0,0,0,0,0,0,0,0,20.97,18.1,0,0,0,0,0,0,0,0,0,0,0,0,0,0,0,0,0,0,0,0,0,0,0,0,0,0,0,0,0,0,0,0,0,0,0,0,0,0,0,0,0,0,53.79,0,0,0,0,0,0,0,0,0
Britholite-(Y),21.03,0,0,0,17.45,0,0,0,8.28,0,0,0,1.05,0,0.74,0,0,0,0,0,0,0,0,0,0,0,0,0,0,0,0,0,0,0,0,0,0,0,0,0,0,0,0,0,0,0,0,0,0,0,0,0,0,0,0,0,0,52.69,0,0,0,0,0,0,0,0,0
Churchite-(Y),0,0,0,0,0,0,0,0,32.27,0,0,0,16.38,0,0,0,0,0,0,0,0,0,0,0,0,0,0,0,0,0,0,0,0,0,0,0,0,0,0,0,0,0,0,0,0,0,0,0,0,0,0,0,0,0,0,0,0,51.34,0,0,0,0,0,0,0,0,0
Minasgeraisite-(Y),26.58,0,0,0,12.4,0,0,0,0,0,0,0,0,0,0,0,0,11.07,0,0,0,0,0,0,0,0,0,0,0,0,0,0,0,0,0,0,0,0,0,0,0,0,0,0,0,0,0,0,0,0,0,0,0,0,0,0,0,49.95,0,0,0,0,0,0,0,0,0
Moydite-(Y),0,0,0,0,0,0,0,0,0,0,0,0,15.82,19.32,0,0,0,0,15.28,0,0,0,0,0,0,0,0,0,0,0,0,0,0,0,0,0,0,0,0,0,0,0,0,0,0,0,0,0,0,0,0,0,0,0,0,0,0,49.57,0,0,0,0,0,0,0,0,0
Gadolinite-(Y),25.69,0,0,0,0,0,15.36,0,0,0,0,0,0,0,0,0,0,10.69,0,0,0,0,0,0,0,0,0,0,0,0,0,0,0,0,0,0,0,0,0,0,0,0,0,0,0,0,0,0,0,0,0,0,0,0,0,0,0,48.27,0,0,0,0,0,0,0,0,0
Lokkaite-(Y),0,0,0,0,5.73,0,0,0,0,0,0,0,16.58,31.5,0,0,0,0,0,0,0,0,0,0,0,0,0,0,0,0,0,0,0,0,0,0,0,0,0,0,0,0,0,0,0,0,0,0,0,0,0,0,0,0,0,0,0,46.18,0,0,0,0,0,0,0,0,0
Fergusonite-(Y),0,0,0,0,0,0,0,0,0,0,0,0,0,0,0,0,0,0,0,0,0,0,0,0,0,0,0,0,0,0,0,0,0,0,0,0,0,0,0,0,0,0,0,0,0,0,0,0,0,0,0,0,0,0,0,0,0,45.93,0,0,0,0,0,0,0,0,54.07
Fergusonite-beta-(Y),0,0,0,0,0,0,0,0,0,0,0,0,0,0,0,0,0,0,0,0,0,0,0,0,0,0,0,0,0,0,0,0,0,0,0,0,0,0,0,0,0,0,0,0,0,0,0,0,0,0,0,0,0,0,0,0,0,45.93,0,0,0,0,0,0,0,0,54.07
Keiviite-(Y),30.97,0,0,0,0,0,0,0,0,0,0,0,0,0,0,0,0,0,0,0,0,0,0,0,0,0,0,0,0,0,0,0,0,0,0,0,0,0,0,0,0,0,0,0,0,0,0,0,0,0,0,0,0,25.39,0,0,0,43.64,0,0,0,0,0,0,0,0,0
Synchysite-(Y),0,0,0,0,20.92,0,0,0,0,0,0,0,0,32.84,7.09,0,0,0,0,0,0,0,0,0,0,0,0,0,0,0,0,0,0,0,0,0,0,0,0,0,0,0,0,0,0,0,0,0,0,0,0,0,0,0,0,0,0,42.13,0,0,0,0,0,0,0,0,0
Yttrialite-(Y),28.78,0,0,0,0,0,0,0,0,0,0,0,0,0,0,0,0,0,0,0,0,0,0,0,0,0,0,0,0,0,0,0,0,0,0,0,0,0,0,0,0,0,0,0,0,0,0,0,0,0,0,0,0,0,0,0,0,40.56,0,0,31.62,0,0,0,0,0,0
Kimuraite-(Y),0,0,0,0,9.91,0,0,0,0,0,0,0,19.1,31.1,0,0,0,0,0,0,0,0,0,0,0,0,0,0,0,0,0,0,0,0,0,0,0,0,0,0,0,0,0,0,0,0,0,0,0,0,0,0,0,0,0,0,0,39.89,0,0,0,0,0,0,0,0,0
Gagarinite-(Y),0,0,0,10.66,19.29,0,0,0,0,0,0,0,0,0,29.41,18.3,0,0,0,0,0,0,0,0,0,0,0,0,0,0,0,0,0,0,0,0,0,0,0,0,0,0,0,0,0,0,0,0,0,0,0,0,0,0,0,0,0,38.85,0,0,0,0,0,0,0,0,0
Tveitite-(Y),0,0,0,0,39.88,0,0,0,0,0,0,0,0,0,44.4,0,0,0,0,0,0,0,0,0,0,0,0,0,0,0,0,0,0,0,0,0,0,0,0,0,0,0,0,0,0,0,0,0,0,0,0,0,0,0,0,0,0,34.41,0,0,0,0,0,0,0,0,0
Formanite-(Y),0,0,0,0,0,0,0,0,0,0,0,0,0,0,0,0,0,0,0,0,0,0,0,0,0,0,0,0,0,0,0,0,0,0,0,0,0,0,0,0,0,0,0,0,0,0,0,0,0,0,0,0,0,0,0,0,0,33.82,0,0,0,0,0,0,0,66.18,0
Tombarthite-(Y),16.15,0,0,0,6.03,0,0,0,0,0,0,0,22.63,0,0,0,0,0,0,0,0,0,0,0,0,0,0,0,0,0,0,0,0,0,0,0,0,0,0,0,0,0,0,0,0,0,0,0,0,0,0,0,0,0,0,22.57,0,33.37,0,0,0,0,0,0,0,0,0
Kobeite-(Y),0,0,0,0,0,0,0,0,0,0,0,37.55,2.82,0,0,0,0,0,0,0,0,0,0,0,0,0,0,0,0,0,0,0,0,0,0,0,0,0,0,0,0,0,0,0,0,0,0,0,0,0,0,0,0,0,0,0,0,31.84,0,0,0,8.46,0,0,0,0,20.83
Ashcroftine-(Y),44.15,0,0,4.07,2.94,0,0,6.18,0,0,0,0,3.78,9.24,0,0,0,0,0,0,0,0,0,0,0,0,0,0,0,0,0,0,0,0,0,0,0,0,0,0,0,0,0,0,0,0,0,0,0,0,0,0,0,0,0,0,0,29.63,0,0,0,0,0,0,0,0,0
Shomiokite-(Y),0,0,0,23.72,0,0,0,0,0,0,0,0,13.79,33.69,0,0,0,0,0,0,0,0,0,0,0,0,0,0,0,0,0,0,0,0,0,0,0,0,0,0,0,0,0,0,0,0,0,0,0,0,0,0,0,0,0,0,0,28.81,0,0,0,0,0,0,0,0,0
IMA2008-069,0,0,0,20.85,0,0,0,0,0,0,0,0,24.24,29.6,0,0,0,0,0,0,0,0,0,0,0,0,0,0,0,0,0,0,0,0,0,0,0,0,0,0,0,0,0,0,0,0,0,0,0,0,0,0,0,0,0,0,0,25.32,0,0,0,0,0,0,0,0,0
Yttrotantalite-(Y),0,0,0,0,0,0,4.55,0,0,0,0,0,0,0,0,0,0,0,0,0,0,0,0,0,0,0,0,0,0,0,0,0,0,0,0,0,0,0,0,0,0,0,0,0,0,0,0,0,0,0,0,0,0,0,0,0,0,25.03,0,0,0,8.55,0,0,0,48.98,12.63
Aeschynite-(Y),0,0,0,0,6.12,0,2.61,0,0,0,0,50.84,3.28,0,0,0,0,0,0,0,0,0,0,0,0,0,0,0,0,0,0,0,0,0,0,0,0,0,0,0,0,0,0,0,0,0,0,0,0,0,0,0,0,0,0,0,0,24.64,0,0,0,0,0,0,0,0,12.08
Yttrocolumbite-(Y),0,0,0,0,0,0,7.27,0,0,0,0,0,0,0,0,0,0,0,0,0,0,0,0,0,0,0,0,0,0,0,0,0,0,0,0,0,0,0,0,0,0,0,0,0,0,0,0,0,0,0,0,0,0,0,0,0,0,22.84,0,0,0,18.21,0,0,0,18.62,33.61
Okanoganite-(Y),15.15,0,2.22,1.9,5.58,0,0,0,0.85,0,0,0.57,1.35,0,7.17,0,0.02,0.01,3.85,0,0,0,0,0,0,0,0.06,0.08,0,0,0,0,0,0,0,0,0,0,0,0,0,0,0,0,0,0,0,0,0,0,0,0,0,0,0,43.06,0,19.18,0,0,1.89,0,0.11,0,0,0,0
Yttrocrasite-(Y),0,0,2.68,0,5.64,0,0,0,0,0,0,50.92,6.04,0,0,0,0,0,0,0,0,0,0,0,0,0,0,0,0,0,0,0,0,0,0,0,0,0,0,0,0,0,0,0,0,0,0,0,0,0,0,0,0,0,0,0,0,18.94,0,0,8.86,9.06,0,0,0,0,0
Reederite-(Y),0,0,0,38.83,0,0,0,0,0,0,0,0,0,33.08,1.59,2.96,0,0,0,0,0,0,0,0,0,0,0,0,0,0,0,0,0,0,0,5.35,0,0,0,0,0,0,0,0,0,0,0,0,0,0,0,0,0,0,0,0,0,18.86,0,0,0,0,0,0,0,0,0
Vyuntspakhkite-(Y),26.53,13.81,0,0,0,0,0,0,0,0,0,0,3.99,0,0,0,0,0,0,0,0,0,0,0,0,0,0,0,0,0,0,0,0,0,0,0,0,0,0,0,0,0,0,0,0,0,0,0,0,0,0,0,0,23.07,0,14.71,0,17.96,0,0,0,0,0,0,0,0,0
Yttropyrochlore-(Y),0,0,1.75,1.36,2.46,0,0,0,0,0,0,3.5,5.53,0,0,0,0,0,0,0,0,0,0,0,0,0,0,0,0,0,0,0,0,0,0,0,0,0,0,0,0,0,0,0,0,0,0,0,0,0,0,0,0,0,0,0,0,17.33,0,0,0,11.84,0,0,0,24.23,34.98
Paraniite-(Y),0,0,0,0,13.96,0,0,0,0,0,0,0,0,0,0,0,0,0,0,0,0,57.7,0,0,0,0,0,0,0,0,0,0,0,0,0,0,0,14.3,0,0,0,0,0,0,0,0,0,0,0,0,0,0,0,0,0,0,0,14.05,0,0,0,0,0,0,0,0,0
Donnayite-(Y),0,0,0,3.74,6.76,0,0,0,0,0,0,0,6.52,31.86,0,0,0,0,0,0,0,0,0,0,0,0,0,37.5,0,0,0,0,0,0,0,0,0,0,0,0,0,0,0,0,0,0,0,0,0,0,0,0,0,0,0,0,0,13.62,0,0,0,0,0,0,0,0,0
Sazykinaite-(Y),41.94,0,0,18.02,0,0,0,0,0,0,0,0,12.57,0,0,0,0,0,0,0,0,0,0,0,0,0,0,0,0,0,0,0,0,0,0,0,0,0,0,0,0,0,0,0,0,0,0,0,0,0,0,0,0,0,0,0,0,13.13,0,14.33,0,0,0,0,0,0,0
Mackelveyite-(Y),0,0,0,3.44,6.23,0,0,0,0,0,0,0,12.01,14.67,0,0,0,0,0,0,0,0,0,0,0,0,51.1,0,0,0,0,0,0,0,0,0,0,0,0,0,0,0,0,0,0,0,0,0,0,0,0,0,0,0,0,0,0,12.54,0,0,0,0,0,0,0,0,0
Hingganite-(Yb),26.49,0,0,0,0,0,0,0,0,0,0,0,3.97,0,0,0,0,11.03,0,0,0,0,0,0,0,0,0,0,0,0,0,0,0,0,0,0,0,0,0,0,0,0,0,0,0,0,0,0,0,0,0,0,0,43.43,0,0,0,12.44,0,0,0,0,0,0,0,0,0
Murataite,0.3,0,3.99,6.2,0.84,0,0,0,0,0.71,0,38.33,0.54,0,7.12,0,0,0,0,0,0,0,0,0,0,11.39,0,0,0,0,0,0,0,0,0,0,0,0,0,0,0,0,0,0,0,0,0,0,0,0,0,0,0,0,0,10.08,0,12.42,0,0,0,0,0,0,0,0,9.96
Monteregianite-(Y),60.28,0.65,0,9.25,0.71,0,0,5.38,0,0,0,0,11.44,0,0,0,0,0,0,0,0,0,0,0,0,0,0,0,0,0,0,0,0,0,0,0,0,0,0,0,0,0,0,0,0,0,0,0,0,0,0,0,0,0,0,0,0,12.19,0,0,0,0,0,0,0,0,0
Keiviite-(Yb),25.45,0,0,0,0,0,0,0,0,0,0,0,0,0,0,0,0,0,0,0,0,0,0,0,0,0,0,0,0,0,0,0,0,0,0,0,0,0,0,0,0,0,0,0,0,0,0,0,0,0,0,0,0,62.59,0,0,0,11.96,0,0,0,0,0,0,0,0,0
Scheteligite,0,0,0,0,14.53,0,0,0,0,3.34,0,22.58,1.06,0,0,0,0,0,0,0,0,5.46,0,0,0,0,0,0,0,0,0,0,0,0,0,0,0,0,0,0,10.3,0,0,0,0,0,0,0,0,0,0,0,0,0,0,0,0,10.64,0,0,0,0,0,0,0,26.02,6.26
Yttrotungstite-(Y),0.4,0.85,0.4,0,0.37,0.13,0,0,0,0,0,0,4.52,0,0,0,0,0,0,0,0,71.68,0,0,0,0,0,0,0,0,0,0,0,0,0,0,0,0,0,0,0,0,0,0,0,0,0,0,0,0,0,0,0,0,0,10.67,0,10.38,0,0,0,0,0,0,0,0,0
Merrillite-(Y),0,0,0,0,44.32,3.54,0,0,43.63,0,0,0,0,0,0,0,0,0,0,0,0,0,0,0,0,0,0,0,0,0,0,0,0,0,0,0,0,0,0,0,0,0,0,0,0,0,0,0,0,0,0,0,0,0,0,0,0,9.92,0,0,0,0,0,0,0,0,0
Agardite-(Y),0,0,0,0,1.36,0,0,0,0,0,0,0,10.49,0,0,0,0,0,0,0,0,0,46.3,0,0,0,0,0,0,0,0,0,0,0,0,0,0,33.45,0,0,0,0,0,0,0,0,0,0,0,0,0,0,0,0,0,0,0,8.21,0,0,0,0,0,0,0,0,0
Uranopolycrase,0,0,0,0,0,0,0,0,0,0,0,28.82,0,0,0,0,0,0,0,0,0,0,0,0,0,0,0,0,0,0,0,0,0,0,0,0,0,0,0,0,0,0,0,0,0,0,0,0,0,0,0,0,0,0,0,0,0,8.15,0,0,6.35,38.97,0,0,0,5.31,12.79
Ishikawaite,0,0,0,0,1.9,0,9.76,0,0,0,0,0,0,0,0,0,0,0,0,0,0,0,0,0,0,0,0,0,0,0,0,0,0,0,0,0,0,0,0,0,0,0,0,0,0,0,0,0,0,0,0,0,0,0,0,0,0,7.67,0,0,0,27.51,0,0,0,18.76,33.85
Samarskite-(Y),0,0,7.99,0,0,0,0,0,0,0,0,0,0,0,0,0,0,0,0,0,0,0,0,0,0,0,0,0,0,0,0,0,0,0,0,0,0,0,0,0,0,0,0,0,0,0,0,0,0,0,0,0,0,0,0,16.81,0,7.53,0,0,0,18.01,0,0,0,14.74,35.46
IMA2009-008,0,0,0,0,0,0,0,0,0,0,0,0,14.65,0,0,0,0,0,0,0,0,0,0,0,0,0,0,0,0,0,0,0,0,0,0,0,0,0,9.64,0,0,0,0,0,0,0,0,0,0,0,0,0,0,0,0,0,0,6.8,0,0,0,65.05,0,0,0,0,0
Dusmatovite,61.29,0,0,0.79,0,0,0,6.41,0,0,8.05,0,0,0,0,0,0.95,0,0,0,0,0,0,0,0,15.57,0,0,0,0,0,0,0,0,0,0,0,0,0,0,0,0,0,0,0,0,0,0,0,0,0,0,0,0,0,0,0,5.76,0,2.1,0,0,0,0,0,0,0
Saryarkite-(Y),14.29,27.56,0,0,6.06,0,0,0,11.51,0,0,0,17.34,0,0,0,0,0,0,0,0,0,0,0,0,0,0,0,0,0,0,0,0,0,0,0,0,0,2.6,0,0,0,0,0,0,0,0,0,0,0,0,0,0,0,0,7.27,0,4.88,0,0,8.57,0,0,0,0,0,0
Plumbopyrochlore,2.48,0,0,0,1.16,0,2.97,0,0,0,0,0,0.93,0,0,0,0,0,0,0,0,0,0,0,36.89,0,0,0,0,0,0,0,0,0,0,0,0,0,0,0,0,0,0,0,0,0,0,0,0,0,0,0,0,0,0,0,0,4.67,0,0,0,0,5.91,0,0,4.56,38.44
Tranquillityite,14.54,0,0,0,0,0,46.35,0,0,0,0,19.33,0,0,0,0,0,0,0,0,0,0,0,0,0,0,0,0,0,0,0,0,0,0,0,0,0,0,0,0,0,0,0,0,0,0,0,0,0,0,0,0,0,0,0,0,0,4.55,0,14.91,0,0,0,0,0,0,0
Dessauite,0,0,21.5,0,0,0,0,0,0,0,0,64.54,0,0,0,0,0,0,0,0,0,0,0,0,3.01,0,0,4.19,0,0,0,0,0,0,0,0,0,0,0,0,0,0,0,0,0,0,0,0,0,0,0,0,0,0,0,0,0,4.26,0,0,0,4.36,0,0,0,0,0
Goudeyite,0,3.57,0,0,0,0,0,0,0,0,0,0,10.81,0,0,0,0,0,0,0,0,0,47.74,0,0,0,0,0,0,0,0,0,0,0,0,0,0,34.49,0,0,0,0,0,0,0,0,0,0,0,0,0,0,0,0,0,0,0,3.39,0,0,0,0,0,0,0,0,0
Hiortdahlite,32.31,0,0,7.5,30.16,0,0,0,0,0,0,2.15,0.48,0,6.64,0,0,0,0,0,0,0,0,0,0,0,0,0,0,0,0,0,0,0,0,0,0,0,0,0,0,0,0,0,0,0,0,0,0,0,0,0,0,0,0,0,0,3.04,0,19.88,0,0,0,0,0,0,0
Zalesiite,0,0,0,0,4.46,0,0,0,0,0,0,0,11.65,0,0,0,0,0,0,0,0,0,47.49,0,0,0,0,0,0,0,0,0,0,0,0,0,0,34.31,0,0,0,0,0,0,0,0,0,0,0,0,0,0,0,0,0,0,0,2.25,0,0,0,0,0,0,0,0,0
Stornesite-(Y),0.02,0,0,5.06,5.69,23.27,15.62,0,48.34,0.24,0,0,0,0,0,0,0,0,0,0,0,0,0,0,0,0,0,0.02,0,0,0,0,0,0,0,0,0,0,0.06,0,0,0,0,0,0,0,0,0,0,0,0,0,0,0.22,0,0,0,1.44,0,0,0,0.02,0,0,0,0,0
Bobtraillite,39.6,0,0,5.49,1.08,0,0,0,0,0,0,0,5.13,0,0,0,0,0,3.31,0,0,0,0,0,0,0,0.39,17.37,0,0,0,0,0,0,0,0,0,0,0,0,0,0,0,0,0,0,0,0,0,0,0,0,0,0,0,0,0,1.13,0.47,24.75,0,0,0,0,0,0,1.28
Ferrokentbrooksite,46.77,0.11,0,12.51,8.36,0,5.31,0.47,0,4.06,0,0.1,0.33,0,0.89,0.98,0,0,0,0,0,0,0,0,0,0,0,0.48,0,0,0,0,0,0,0,0,0,0,0,0,0,0,0,0,0,0,0,0,0,0,0,0,0,0,0,5.15,0,0.59,0.2,11.7,0,0,0,0,0,0.14,2.63
Zirconolite-3O,0,0,6.21,0,13.09,0,1.86,0,0,0,0,22.79,0,0,0,0,0,0,0,0,0,0,0,0,0,0,0,0,0,0,0,0,0,0,0,0,0,0,0,0,0,0,0,0,0,0,0,0,0,0,0,0,0,0,0,0,0,0.59,0,35.15,4.11,0,0,0,0,0,17.23
Grenmarite,30.81,0,0,15.93,1.87,0,2.12,0,0,4.36,4.65,4.61,0,0,5.41,0,0,0,0,0,0,0,0,0,0,0,0,0,0,0,0,0,0,0,0,0,0,0,0,0,0,0,0,0,0,0,0,0,0,0,0,0,0,0,0,0,0,0.29,0,32.69,0,0,0,0,0,0,0
Tassieite,0,0,11.62,1.95,11.51,10.93,14.89,0,44.43,0.37,0,0,3.77,0,0,0,0,0,0,0,0,0,0,0,0,0,0,0,0,0,0,0,0,0,0,0,0,0,0.08,0,0,0,0,0,0,0,0,0,0,0,0,0,0,0.21,0,0,0,0.24,0,0,0,0,0,0,0,0,0
Xenotime-(Yb),0,0,0,0,0,0,0,0,26.48,0,0,0,0,0,0,0,0,0,0,0,0,0,0,0,0,0,0,0,0,0,0,0,0,0,0,0,0,0,0,0,0,0,0,0,0,0,0,0,0,0,0,0,0,73.52,0,0,0,0,0,0,0,0,0,0,0,0,0
Ashanite,0,0,0,0,0,0,8.76,0,0,3.71,0,0,0,0,0,0,0,0,0,0,0,0,0,0,0,0,0,0,0,0,0,0,0,0,0,0,0,0,0,0,0,0,0,0,0,0,0,0,0,0,0,0,0,0,0,2.93,0,0,0,0,0,23.51,0,0,0,23.09,37.03
Calciobetafite,0,0,0,0,21.33,0,1.82,0,0,0,0,16.21,0.69,0,0.48,0,0,0,0,0,0,0,0,0,0,0,0,0,0,0,0,0,0,0,0,0,0,0,0,0,0,0,0,0,0,0,0,0,0,0,0,0,0,0,0,8.52,0,0,0,0,6.7,6.85,0,0,0,0,40.45
Dualite,51.42,0.2,0,17.8,8.05,0,1.05,0.08,0,2.59,0,4.41,1.39,0,0,0.58,0,0,0,0,0,0,0,0,0,0,0.26,1.37,0,0,0,0,0,0,0,0,0,0,0,0,0,0,0,0,0,0,0,0,0,0,0,0,0,0,0,3.58,0,0,0,5.4,0,0,0,0,0,0,1.94
Hainite,32.19,0,0,7.45,32.74,0,1.23,0,0,2.44,0,8.23,0,0,10.83,0,0,0,0,0,0,0,0,0,0,0,0,0,0,0,0,0,0,0,0,0,0,0,0,0,0,0,0,0,0,0,0,0,0,0,0,0,0,0,0,2.31,0,0,0,6.77,0,0,0,0,0,0,0
Plumbobetafite,0,0,0,0.73,2.63,0,0,0,0,0,0,24.38,1.27,0,1.78,0,0,0,0,0,0,10.89,0,0,26.2,0,0,0,0,0,0,0,0,0,0,0,0,0,0,0,0,0,0,0,0,0,0,0,0,0,0,0,0,0,0,3.94,0,0,0,0,0,13.43,0,0,0,0,12.48
Rengeite,23.17,0,0,0,0.53,0,0,0,0,0,0,30.81,0,0,0,0,0,0,0,0,0,0,0,0,0,0,0,35.09,0,0,0,0,0,0,0,0,0,0,0,0,0,0,0,0,0,0,0,0,0,0,0,0,0,0,0,0.79,0,0,0,9.27,0,0,0,0,0,0,0
Titanite,30.38,5.16,2.02,0,26.94,0,0,0,0,0,0,30.29,0,0,0.96,0,0,0,0,0,0,0,0,0,0,0,0,0,0,0,0,0,0,0,0,0,0,0,0,0,0,0,0,0,0,0,0,0,0,0,0,0,0,0,0,4.25,0,0,0,0,0,0,0,0,0,0,0
Zircon,31.57,0,0,0,0,0,0,0,0,0,0,0,0,0,0,0,0,0,0,0,0,0,0,0,0,0,0,0,0,0,0,0,0,0,0,0,0,0,0,0,0,0,0,0,0,0,0,0,0,0,0,0,0,0,0,4.41,0,0,5.53,58.27,0,0,0,0,0,0,0
